code_player,web_name,now_cost,new_team_name,element_type,minutes,points_total,goals,xg,finishing,xgfinish,xg_points,assists,xa,assist_quality,xaquality,xcsp90,xcs_points,xa_points,x_points
11948.0,Lonergan,40.0,Everton,1.0,0.0,0.0,0.0,0.0,,,,0.0,0.0,,,0.61,0.0,,
17601.0,Carson,40.0,Man City,1.0,0.0,0.0,0.0,0.0,,,,0.0,0.0,,,0.61,0.0,,
20066.0,Hennessey,40.0,Nottingham Forest,1.0,181.0,6.0,0.0,0.0,,,,0.0,0.0,,,0.1888,1.366912,,
21205.0,Heaton,40.0,Man Utd,1.0,0.0,0.0,0.0,0.0,,,,0.0,0.0,,,0.61,0.0,,
32259.0,Randolph,40.0,Bournemouth,1.0,0.0,0.0,0.0,0.0,,,,0.0,0.0,,,0.61,0.0,,
37096.0,Fabianski,45.0,West Ham,1.0,1688.0,65.0,0.0,0.0,,,,0.0,0.0,,,0.30112,20.3316224,,
40383.0,Forster,40.0,Spurs,1.0,1125.0,38.0,0.0,0.0,,,,0.0,0.0,,,0.27772,12.4974,,
40836.0,Guaita,45.0,Crystal Palace,1.0,990.0,41.0,0.0,0.0,,,,0.0,0.01,,,0.28006,11.090376,,
48615.0,Arter,45.0,Nottingham Forest,3.0,0.0,0.0,0.0,0.0,,,,0.0,0.0,,,0.61,0.0,,
59735.0,Darlow,40.0,Newcastle,1.0,0.0,0.0,0.0,0.0,,,,0.0,0.0,,,0.61,0.0,,
60706.0,Adrián,40.0,Liverpool,1.0,0.0,0.0,0.0,0.0,,,,0.0,0.0,,,0.61,0.0,,
67089.0,Dubravka,40.0,Newcastle,1.0,156.0,11.0,0.0,0.0,,,,0.0,0.0,,,0.16072,1.0028928,,
69752.0,Neto,45.0,Bournemouth,1.0,1710.0,68.0,0.0,0.0,,,,0.0,0.02,,,0.21454,14.674536,,
79602.0,Bentley,40.0,Wolves,1.0,180.0,6.0,0.0,0.0,,,,0.0,0.0,,,0.06478,0.466416,,
80201.0,Leno,45.0,Fulham,1.0,1890.0,87.0,0.0,0.0,,,,0.0,0.0,,,0.20284,15.334704,,
81441.0,Gillespie,40.0,Newcastle,1.0,0.0,0.0,0.0,0.0,,,,0.0,0.0,,,0.61,0.0,,
83543.0,Knockaert,45.0,Fulham,3.0,0.0,0.0,0.0,0.0,,,,0.0,0.0,,,0.61,0.0,,
88248.0,Ortega,40.0,Man City,1.0,270.0,23.0,0.0,0.0,,,,0.0,0.0,,,0.28942,3.125736,,
104542.0,Karius,40.0,Newcastle,1.0,0.0,0.0,0.0,0.0,,,,0.0,0.0,,,0.61,0.0,,
109434.0,Kongolo,40.0,Fulham,2.0,0.0,0.0,0.0,0.0,,,,0.0,0.0,,,0.61,0.0,,
111234.0,Pickford,45.0,Everton,1.0,1890.0,66.0,0.0,0.0,,,,0.0,0.08,,,0.19114,14.450184,,
111782.0,Olsen,40.0,Aston Villa,1.0,135.0,8.0,0.0,0.0,,,,0.0,0.0,,,-0.0335,-0.1809,,
120721.0,Mbabu,40.0,Fulham,2.0,0.0,0.0,0.0,0.0,,,,0.0,0.0,,,-0.46172,0.0,,
122074.0,Bettinelli,40.0,Chelsea,1.0,0.0,0.0,0.0,0.0,,,,0.0,0.0,,,0.61,0.0,,
122775.0,Sanson,45.0,Aston Villa,3.0,9.0,1.0,0.0,0.0,,,,0.0,0.0,,,-0.2324,-0.020916,,
123354.0,Hause,40.0,Aston Villa,2.0,0.0,0.0,0.0,0.0,,,,0.0,0.0,,,0.61,0.0,,
128309.0,Lowe,50.0,Bournemouth,3.0,0.0,0.0,0.0,0.0,,,,0.0,0.0,,,-0.57638,0.0,,
133845.0,Marcondes,45.0,Bournemouth,3.0,0.0,0.0,0.0,0.0,,,,0.0,0.0,,,-0.1271,0.0,,
140200.0,Strakosha,40.0,Brentford,1.0,0.0,0.0,0.0,0.0,,,,0.0,0.0,,,0.61,0.0,,
154296.0,Palhinha,50.0,Fulham,3.0,1693.0,32.0,0.0,1.66,,,,0.0,0.22,,,0.22858,3.8698594,,
155529.0,Rodák,40.0,Fulham,1.0,0.0,0.0,0.0,0.0,,,,0.0,0.0,,,0.36196,0.0,,
156687.0,Pearson,45.0,Bournemouth,3.0,70.0,2.0,0.0,0.02,,,,0.0,0.02,,,0.16774,0.117418,,
160987.0,Gbamin,45.0,Everton,3.0,0.0,0.0,0.0,0.0,,,,0.0,0.0,,,0.61,0.0,,
164484.0,Steffen,40.0,Man City,1.0,0.0,0.0,0.0,0.0,,,,0.0,0.0,,,0.61,0.0,,
169593.0,Matthews,40.0,Crystal Palace,1.0,0.0,0.0,0.0,0.0,,,,0.0,0.0,,,0.61,0.0,,
172649.0,Henderson,45.0,Man Utd,1.0,270.0,15.0,0.0,0.0,,,,0.0,0.0,,,0.259,2.7972,,
173399.0,Dräger,40.0,Nottingham Forest,2.0,0.0,0.0,0.0,0.0,,,,0.0,0.0,,,0.61,0.0,,
184704.0,Nakamba,45.0,Luton,3.0,0.0,0.0,0.0,0.0,,,,0.0,0.0,,,0.61,0.0,,
185253.0,Scarpa,45.0,Nottingham Forest,3.0,177.0,5.0,0.0,0.23,,,,0.0,0.04,,,0.26836,0.4749972,,
197365.0,Bailly,40.0,Man Utd,2.0,0.0,0.0,0.0,0.0,,,,0.0,0.0,,,0.61,0.0,,
199170.0,Niakhaté,45.0,Nottingham Forest,2.0,1003.0,18.0,0.0,0.4,,,,0.0,0.15,,,0.1771,7.105252,,
200720.0,Kelleher,40.0,Liverpool,1.0,90.0,2.0,0.0,0.0,,,,0.0,0.0,,,0.19582,0.704952,,
204727.0,Sarr,45.0,Chelsea,2.0,0.0,0.0,0.0,0.0,,,,0.0,0.0,,,0.61,0.0,,
204822.0,Richards,45.0,Nottingham Forest,2.0,0.0,0.0,0.0,0.0,,,,0.0,0.0,,,0.61,0.0,,
209035.0,Panzo,40.0,Nottingham Forest,2.0,0.0,0.0,0.0,0.0,,,,0.0,0.0,,,0.61,0.0,,
209288.0,McGill,40.0,Brighton,1.0,0.0,0.0,0.0,0.0,,,,0.0,0.0,,,0.61,0.0,,
212314.0,Lukic,45.0,Fulham,3.0,406.0,15.0,0.0,0.13,,,,0.0,0.16,,,0.1069,0.434014,,
214225.0,Rodon,40.0,Spurs,2.0,0.0,0.0,0.0,0.0,,,,0.0,0.0,,,0.61,0.0,,
214572.0,Austin,40.0,Spurs,1.0,0.0,0.0,0.0,0.0,,,,0.0,0.0,,,0.61,0.0,,
215059.0,Sánchez,45.0,Brighton,1.0,630.0,24.0,0.0,0.0,,,,0.0,0.0,,,0.3292,8.29584,,
216208.0,Šarkić,40.0,Wolves,1.0,0.0,0.0,0.0,0.0,,,,0.0,0.0,,,0.61,0.0,,
217331.0,Surridge,45.0,Nottingham Forest,4.0,147.0,17.0,1.0,1.32,,,,0.0,0.0,,,0.01798,0.0,,
220307.0,Danjuma,55.0,Everton,3.0,162.0,15.0,1.0,0.84,,,,0.0,0.07,,,0.31048,0.5029776,,
220585.0,Downes,50.0,West Ham,3.0,488.0,17.0,0.0,0.18,,,,0.0,0.09,,,0.23092,1.1268896,,
221403.0,Laryea,45.0,Nottingham Forest,2.0,0.0,0.0,0.0,0.0,,,,0.0,0.0,,,0.61,0.0,,
222017.0,Coventry,45.0,West Ham,3.0,0.0,0.0,0.0,0.0,,,,0.0,0.0,,,0.61,0.0,,
224068.0,Turner,40.0,Arsenal,1.0,0.0,0.0,0.0,0.0,,,,0.0,0.0,,,0.61,0.0,,
229600.0,Travers,40.0,Bournemouth,1.0,180.0,5.0,0.0,0.0,,,,0.0,0.0,,,0.20986,1.510992,,
232859.0,Spence,40.0,Spurs,2.0,2.0,1.0,0.0,0.0,,,,0.0,0.0,,,-1.36964,-0.1095712,,
235448.0,Balcombe,40.0,Brentford,1.0,0.0,0.0,0.0,0.0,,,,0.0,0.0,,,0.61,0.0,,
240299.0,Hodge,45.0,Wolves,3.0,36.0,2.0,0.0,0.16,,,,0.0,0.02,,,0.11626,0.0418536,,
240514.0,Scherpen,40.0,Brighton,1.0,0.0,0.0,0.0,0.0,,,,0.0,0.0,,,0.61,0.0,,
242885.0,Mbe Soh,40.0,Nottingham Forest,2.0,0.0,0.0,0.0,0.0,,,,0.0,0.0,,,0.61,0.0,,
244042.0,Muniz,45.0,Fulham,4.0,0.0,0.0,0.0,0.0,,,,0.0,0.0,,,0.61,0.0,,
244930.0,Mighten,45.0,Nottingham Forest,3.0,0.0,0.0,0.0,0.0,,,,0.0,0.0,,,-0.08264,0.0,,
245923.0,Cundle,45.0,Wolves,3.0,0.0,0.0,0.0,0.0,,,,0.0,0.0,,,0.61,0.0,,
248164.0,Sinisalo,40.0,Aston Villa,1.0,0.0,0.0,0.0,0.0,,,,0.0,0.0,,,0.61,0.0,,
427623.0,Richards,40.0,Crystal Palace,2.0,368.0,11.0,0.0,0.64,,,,0.0,0.05,,,0.07882,1.1602304,,
429414.0,Kalajdžić,50.0,Wolves,4.0,0.0,0.0,0.0,0.0,,,,0.0,0.0,,,0.31984,0.0,,
432714.0,McAtee,45.0,Man City,3.0,0.0,0.0,0.0,0.0,,,,0.0,0.0,,,0.61,0.0,,
432931.0,Francois,45.0,Fulham,3.0,0.0,0.0,0.0,0.0,,,,0.0,0.0,,,0.61,0.0,,
433979.0,Archer,45.0,Aston Villa,4.0,0.0,0.0,0.0,0.0,,,,0.0,0.0,,,0.42982,0.0,,
434662.0,Dervişoğlu,45.0,Brentford,4.0,0.0,0.0,0.0,0.0,,,,0.0,0.0,,,0.259,0.0,,
437476.0,Ojeda,45.0,Nottingham Forest,3.0,0.0,0.0,0.0,0.0,,,,0.0,0.0,,,0.61,0.0,,
437730.0,Semenyo,45.0,Bournemouth,4.0,250.0,18.0,1.0,0.36,,,,0.0,0.02,,,-0.03818,0.0,,
437753.0,Biancone,40.0,Nottingham Forest,2.0,0.0,0.0,0.0,0.0,,,,0.0,0.0,,,-0.1622,0.0,,
440854.0,Kiwior,45.0,Arsenal,2.0,425.0,26.0,1.0,0.1,,,,0.0,0.01,,,0.28942,4.92014,,
441024.0,Ashby,40.0,Newcastle,2.0,0.0,0.0,0.0,0.0,,,,0.0,0.0,,,0.61,0.0,,
444765.0,Van den Berg,40.0,Liverpool,2.0,0.0,0.0,0.0,0.0,,,,0.0,0.0,,,0.61,0.0,,
444884.0,Elliott,50.0,Liverpool,3.0,637.0,25.0,0.0,1.06,,,,1.0,1.8,,,0.26602,1.6945474,,
448089.0,João Gomes,50.0,Wolves,3.0,649.0,21.0,1.0,0.3,,,,0.0,0.11,,,0.14434,0.9367666,,
450535.0,Ebiowei,45.0,Crystal Palace,3.0,0.0,0.0,0.0,0.0,,,,0.0,0.0,,,0.48832,0.0,,
450541.0,Plange,45.0,Crystal Palace,4.0,0.0,0.0,0.0,0.0,,,,0.0,0.0,,,0.61,0.0,,
463210.0,Charles,45.0,Man City,3.0,27.0,1.0,0.0,0.0,,,,0.0,0.0,,,0.57022,0.1539594,,
463981.0,Hill,40.0,Bournemouth,2.0,0.0,0.0,0.0,0.0,,,,0.0,0.0,,,0.61,0.0,,
466117.0,Ahamada,45.0,Crystal Palace,3.0,87.0,7.0,0.0,0.15,,,,0.0,0.02,,,0.16774,0.1459338,,
469142.0,Van Hecke,40.0,Brighton,2.0,289.0,5.0,0.0,0.55,,,,0.0,0.04,,,0.12328,1.4251168,,
472464.0,Shoretire,45.0,Man Utd,4.0,0.0,0.0,0.0,0.0,,,,0.0,0.0,,,0.61,0.0,,
476344.0,Durán,50.0,Aston Villa,4.0,126.0,11.0,0.0,0.59,,,,0.0,0.02,,,-0.03818,0.0,,
476502.0,Traoré,45.0,Wolves,3.0,25.0,2.0,0.0,0.0,,,,0.0,0.0,,,0.21454,0.053635,,
477580.0,Zabarnyi,45.0,Bournemouth,2.0,297.0,7.0,0.0,0.0,,,,0.0,0.01,,,0.2473,2.937924,,
478912.0,Chukwuemeka,45.0,Chelsea,3.0,299.0,15.0,0.0,0.24,,,,0.0,0.6,,,0.11158,0.3336242,,
479683.0,Marquinhos,45.0,Arsenal,3.0,0.0,0.0,0.0,0.0,,,,0.0,0.0,,,0.61,0.0,,
480455.0,Branthwaite,40.0,Everton,2.0,0.0,0.0,0.0,0.0,,,,0.0,0.0,,,0.61,0.0,,
481405.0,Bidstrup,45.0,Brentford,3.0,0.0,0.0,0.0,0.0,,,,0.0,0.0,,,0.61,0.0,,
481624.0,Philogene-Bidace,45.0,Aston Villa,3.0,0.0,0.0,0.0,0.0,,,,0.0,0.0,,,0.61,0.0,,
482442.0,Sarr,45.0,Spurs,3.0,211.0,14.0,0.0,0.06,,,,1.0,0.03,,,0.03202,0.0675622,,
482769.0,Perrone,45.0,Man City,3.0,18.0,1.0,0.0,0.0,,,,0.0,0.01,,,0.3877,0.069786,,
484658.0,Kozłowski,45.0,Brighton,3.0,0.0,0.0,0.0,0.0,,,,0.0,0.0,,,0.61,0.0,,
487818.0,Whitworth,40.0,Crystal Palace,1.0,180.0,3.0,0.0,0.0,,,,0.0,0.0,,,0.36664,2.639808,,
487837.0,Mubama,45.0,West Ham,4.0,33.0,2.0,0.0,0.0,,,,0.0,0.01,,,-0.01712,0.0,,
488404.0,Pellistri,45.0,Man Utd,3.0,60.0,4.0,0.0,0.0,,,,0.0,0.02,,,0.33622,0.201732,,
490094.0,Iroegbunam,45.0,Aston Villa,3.0,0.0,0.0,0.0,0.0,,,,0.0,0.0,,,0.61,0.0,,
493250.0,Amad,45.0,Man Utd,3.0,0.0,0.0,0.0,0.0,,,,0.0,0.0,,,0.61,0.0,,
503300.0,Cox,40.0,Brentford,1.0,0.0,0.0,0.0,0.0,,,,0.0,0.0,,,0.61,0.0,,
509416.0,Ayari,45.0,Brighton,3.0,65.0,3.0,0.0,0.02,,,,0.0,0.3,,,0.13966,0.090779,,
516895.0,Mainoo,45.0,Man Utd,3.0,10.0,1.0,0.0,0.0,,,,0.0,0.07,,,0.0835,0.00835,,
532605.0,Andrey Santos,45.0,Chelsea,3.0,0.0,0.0,0.0,0.0,,,,0.0,0.0,,,0.61,0.0,,
564510.0,Kuol,45.0,Newcastle,3.0,0.0,0.0,0.0,0.0,,,,0.0,0.0,,,0.61,0.0,,
591357.0,Trevitt,45.0,Brentford,3.0,0.0,0.0,0.0,0.0,,,,0.0,0.0,,,0.61,0.0,,
232653.0,Ramsey,60.0,Aston Villa,3.0,1614.0,88.0,4.0,3.96,1.2765957446808511,5.05531914893617,25.27659574468085,5.0,2.33,1.8181818181818181,4.236363636363636,0.28708,4.6334712,16.945454545454545,79.1355214901354
144485.0,Toney,80.0,Brentford,4.0,1513.0,82.0,8.0,9.15,1.0447761194029852,9.559701492537314,38.23880597014926,1.0,2.32,1.0975609756097562,2.546341463414634,0.29878,0.0,10.185365853658537,78.68417182380779
230046.0,Douglas Luiz,55.0,Aston Villa,3.0,1906.0,100.0,5.0,2.55,1.4545454545454546,3.709090909090909,18.545454545454543,4.0,2.04,1.9298245614035088,3.936842105263158,0.30112,5.7393472,15.747368421052633,78.15217016650718
103025.0,Mahrez,75.0,Man City,3.0,1368.0,90.0,4.0,3.63,1.2658227848101267,4.59493670886076,22.974683544303797,9.0,3.67,1.4383561643835616,5.278767123287671,0.40876,5.5918368,21.115068493150684,77.04158883745448
243016.0,Mac Allister,60.0,Liverpool,3.0,1626.0,78.0,5.0,8.46,0.6611570247933884,5.593388429752066,27.96694214876033,2.0,3.14,0.5952380952380952,1.869047619047619,0.31516,5.1245016,7.476190476190476,73.0876342249508
84450.0,Xhaka,60.0,Arsenal,3.0,1646.0,84.0,4.0,3.1,1.3432835820895521,4.164179104477612,20.82089552238806,4.0,2.24,1.4473684210526316,3.2421052631578946,0.3526,5.803796,12.968421052631578,72.51311257501963
51927.0,Mee,50.0,Brentford,2.0,1881.0,79.0,1.0,1.95,1.038961038961039,2.025974025974026,12.155844155844155,1.0,0.37,2.0,0.74,0.31282,23.5365768,2.96,70.38827675584416
195546.0,Buendía,60.0,Aston Villa,3.0,1599.0,85.0,4.0,3.63,0.9473684210526315,3.4389473684210525,17.194736842105264,3.0,3.03,1.038961038961039,3.148051948051948,0.28942,4.6278258,12.592207792207793,66.39477043431306
433154.0,McNeil,55.0,Everton,3.0,1709.0,88.0,5.0,2.9,1.3636363636363635,3.9545454545454546,19.772727272727273,4.0,4.08,0.5454545454545454,2.2254545454545456,0.1771,3.026639,8.901818181818182,65.88118445454545
209036.0,Guéhi,45.0,Crystal Palace,2.0,1980.0,60.0,1.0,1.16,0.7692307692307693,0.8923076923076924,5.3538461538461535,0.0,0.71,0.7692307692307693,0.5461538461538461,0.31516,24.960672,2.1846153846153844,65.85896553846153
208706.0,Bruno Guimarães,60.0,Newcastle,3.0,1554.0,47.0,1.0,1.95,1.5517241379310345,3.0258620689655173,15.129310344827587,2.0,2.73,1.1764705882352942,3.211764705882353,0.38068,5.9157672,12.847058823529412,64.972136368357
109345.0,March,65.0,Brighton,3.0,1345.0,89.0,5.0,4.31,0.8333333333333334,3.591666666666667,17.958333333333332,5.0,3.67,0.9090909090909091,3.3363636363636364,0.31984,4.301848,13.345454545454546,62.50563587878788
200089.0,Willock,55.0,Newcastle,3.0,1297.0,61.0,1.0,4.29,0.9923664122137404,4.257251908396946,21.286259541984734,5.0,2.21,1.1320754716981132,2.5018867924528303,0.36664,4.7553208,10.007547169811321,61.989127511796056
153133.0,Iwobi,55.0,Everton,3.0,1867.0,64.0,1.0,1.53,0.9803921568627451,1.5,7.5,3.0,2.66,1.25,3.325,0.19582,3.6559594,13.3,61.7959594
168991.0,Billing,55.0,Bournemouth,3.0,1531.0,64.0,3.0,3.31,1.4583333333333333,4.827083333333333,24.135416666666668,1.0,1.8,0.4,0.72,0.23326,3.5712106,2.88,61.206627266666665
220566.0,Rodri,55.0,Man City,3.0,1609.0,60.0,1.0,2.16,1.2345679012345678,2.6666666666666665,13.333333333333334,3.0,1.53,1.3157894736842104,2.013157894736842,0.42748,6.8781532,8.052631578947368,60.4441181122807
244723.0,Mitchell,45.0,Crystal Palace,2.0,1881.0,60.0,0.0,0.52,0.5555555555555556,0.28888888888888886,1.7333333333333334,0.0,0.6,1.7857142857142858,1.0714285714285714,0.29644,22.3041456,4.285714285714286,60.36715681904762
172841.0,Benrahma,60.0,West Ham,3.0,1134.0,63.0,3.0,3.77,0.9821428571428571,3.7026785714285713,18.513392857142858,2.0,2.28,1.6666666666666667,3.8000000000000003,0.27538,3.1228092,15.200000000000001,59.516202057142856
199798.0,Konsa,45.0,Aston Villa,2.0,1971.0,76.0,0.0,0.62,0.7692307692307693,0.47692307692307695,2.8615384615384616,0.0,0.33,0.0,0.0,0.28942,22.8178728,0.0,59.39494306153846
132015.0,Højbjerg,55.0,Spurs,3.0,1797.0,52.0,0.0,0.79,1.6326530612244898,1.2897959183673469,6.448979591836735,3.0,1.65,1.6417910447761195,2.708955223880597,0.30814,5.5372758,10.835820895522389,58.76207628735912
17761.0,Tarkowski,45.0,Everton,2.0,1890.0,61.0,1.0,2.15,0.3448275862068966,0.7413793103448276,4.448275862068965,1.0,0.97,0.9375,0.909375,0.19348,14.627088,3.6375,56.856091862068965
167074.0,Tete,45.0,Fulham,2.0,1681.0,59.0,1.0,0.46,1.4285714285714286,0.6571428571428571,3.942857142857143,1.0,1.07,1.8181818181818181,1.9454545454545455,0.22624,15.2123776,7.781818181818182,56.753958524675326
47431.0,Willian,55.0,Fulham,3.0,1393.0,80.0,4.0,1.46,1.0714285714285714,1.5642857142857143,7.821428571428571,5.0,2.3,1.8518518518518519,4.2592592592592595,0.26836,3.7382548,17.037037037037038,56.45672040846561
121599.0,A.Doucouré,55.0,Everton,3.0,1337.0,66.0,5.0,2.49,1.3432835820895521,3.344776119402985,16.723880597014926,2.0,1.46,1.836734693877551,2.6816326530612247,0.16774,2.2426838,10.726530612244899,56.43309500925982
180974.0,Joelinton,60.0,Newcastle,3.0,1421.0,63.0,4.0,4.56,0.8609271523178808,3.9258278145695362,19.629139072847682,2.0,0.56,1.3333333333333333,0.7466666666666667,0.35494,5.0436974,2.986666666666667,56.07950313951435
80146.0,J.Ayew,55.0,Crystal Palace,3.0,1644.0,64.0,3.0,1.93,0.975609756097561,1.8829268292682926,9.414634146341463,2.0,1.49,1.5,2.235,0.28942,4.7580648,8.94,55.99269894634146
224024.0,Paquetá,60.0,West Ham,3.0,1395.0,71.0,4.0,2.97,0.8823529411764706,2.6205882352941177,13.102941176470589,3.0,2.0,1.3043478260869565,2.608695652173913,0.28006,3.906837,10.434782608695652,55.34456078516624
207283.0,Jensen,55.0,Brentford,3.0,1554.0,81.0,4.0,1.67,1.0204081632653061,1.7040816326530612,8.520408163265307,3.0,2.94,0.8974358974358975,2.6384615384615384,0.3058,4.752132,10.553846153846154,54.90638631711146
221632.0,Romero,45.0,Spurs,2.0,1706.0,45.0,0.0,0.82,0.5263157894736842,0.43157894736842106,2.5894736842105264,2.0,0.62,1.0,0.62,0.3058,20.867792,2.48,54.840317684210525
204480.0,Rice,55.0,Arsenal,3.0,1742.0,67.0,3.0,0.98,1.5384615384615385,1.5076923076923077,7.538461538461538,1.0,1.13,1.4285714285714286,1.6142857142857143,0.29878,5.2047476,6.457142857142857,54.0403519956044
214048.0,Kilman,45.0,Wolves,2.0,1777.0,65.0,0.0,0.74,0.29411764705882354,0.21764705882352942,1.3058823529411765,1.0,0.36,1.6666666666666667,0.6,0.24964,17.7444112,2.4,52.554190752941174
210494.0,Aguerd,45.0,West Ham,2.0,1519.0,56.0,2.0,2.17,0.8695652173913043,1.8869565217391304,11.321739130434782,0.0,0.12,0.0,0.0,0.2356,14.315056,0.0,52.43803113043478
45034.0,Perišić,50.0,Spurs,2.0,1182.0,48.0,1.0,1.54,0.37037037037037035,0.5703703703703704,3.422222222222222,4.0,2.47,1.5384615384615385,3.8000000000000003,0.2707,12.798696,15.200000000000001,51.861244222222226
61256.0,Casemiro,55.0,Man Utd,3.0,1234.0,47.0,3.0,2.75,1.1428571428571428,3.142857142857143,15.714285714285715,1.0,2.3,0.7692307692307693,1.7692307692307692,0.31984,3.9468256,7.076923076923077,51.41803439120879
122806.0,McGinn,55.0,Aston Villa,3.0,1547.0,60.0,1.0,1.16,1.129032258064516,1.3096774193548386,6.548387096774193,4.0,1.87,1.2,2.244,0.31516,4.8755252,8.976,51.339912296774195
152551.0,Lerma,50.0,Crystal Palace,3.0,1722.0,56.0,3.0,1.35,1.8518518518518519,2.5,12.5,0.0,1.98,0.0,0.0,0.21688,3.7346736,0.0,50.6746736
153366.0,Reed,50.0,Fulham,3.0,1540.0,58.0,1.0,0.95,1.5,1.425,7.125,3.0,1.23,1.875,2.30625,0.21454,3.303916,9.225,50.453916
486672.0,Caicedo,50.0,Brighton,3.0,1802.0,45.0,0.0,0.77,0.8695652173913043,0.6695652173913044,3.347826086956522,1.0,1.52,0.9090909090909091,1.3818181818181818,0.30112,5.4261824,5.527272727272727,50.34128121422925
156689.0,Andreas,55.0,Fulham,3.0,1282.0,54.0,2.0,4.12,0.45454545454545453,1.8727272727272728,9.363636363636363,4.0,2.03,1.5,3.045,0.23794,3.0503908,12.18,50.23402716363636
200402.0,Semedo,45.0,Wolves,2.0,1804.0,55.0,0.0,0.48,0.35714285714285715,0.17142857142857143,1.0285714285714285,0.0,0.56,0.6818181818181818,0.38181818181818183,0.20986,15.1434976,1.5272727272727273,49.99346735584415
169528.0,Robinson,45.0,Fulham,2.0,1800.0,60.0,0.0,0.05,0.0,0.0,0.0,2.0,0.93,0.3225806451612903,0.3,0.23326,16.79472,1.2,49.79604
174874.0,Andersen,45.0,Crystal Palace,2.0,1432.0,35.0,0.0,0.87,0.5555555555555556,0.48333333333333334,2.9,0.0,0.71,1.2903225806451613,0.9161290322580645,0.33622,19.2586816,3.664516129032258,49.648527329032255
60232.0,Dawson,45.0,Wolves,2.0,1504.0,60.0,1.0,1.04,0.9836065573770492,1.022950819672131,6.137704918032787,0.0,0.15,1.5384615384615385,0.23076923076923078,0.25666,15.4406656,0.9230769230769231,48.72128104110971
106611.0,Keane,45.0,Everton,2.0,961.0,38.0,1.0,1.29,1.8918918918918919,2.4405405405405407,14.643243243243242,2.0,0.83,3.5714285714285716,2.9642857142857144,0.0952,3.659488,11.857142857142858,48.4650021003861
115556.0,Davies,45.0,Spurs,2.0,1289.0,50.0,0.0,0.47,0.9090909090909091,0.42727272727272725,2.5636363636363635,2.0,0.83,1.7391304347826086,1.4434782608695653,0.3643,18.783308,5.773913043478261,48.20503040711463
80226.0,Aurier,45.0,Nottingham Forest,2.0,1340.0,47.0,1.0,0.74,1.6666666666666667,1.2333333333333334,7.4,0.0,0.72,1.25,0.9,0.25198,13.506128,3.6,47.929596000000004
438464.0,C.Doucouré,50.0,Crystal Palace,3.0,1634.0,44.0,0.0,0.91,0.0,0.0,0.0,2.0,0.76,3.3333333333333335,2.533333333333333,0.30346,4.9585364,10.133333333333333,47.77186973333333
533463.0,Ouattara,50.0,Bournemouth,3.0,1239.0,49.0,1.0,3.52,0.2857142857142857,1.0057142857142858,5.0285714285714285,3.0,1.68,2.3076923076923075,3.876923076923077,0.17008,2.1072912,15.507692307692308,47.423554936263734
221466.0,Senesi,45.0,Bournemouth,2.0,1371.0,46.0,2.0,1.52,1.25,1.9,11.4,0.0,0.2,0.0,0.0,0.20752,11.3803968,0.0,47.3552976
513046.0,Danilo,55.0,Nottingham Forest,3.0,976.0,48.0,3.0,1.58,2.142857142857143,3.3857142857142857,16.92857142857143,2.0,0.56,4.0,2.24,0.17242,1.6828192,8.96,47.09139062857143
214590.0,Wan-Bissaka,45.0,Man Utd,2.0,1248.0,51.0,0.0,1.19,0.8,0.952,5.712,0.0,0.75,1.1111111111111112,0.8333333333333334,0.3292,16.433664,3.3333333333333335,46.330581333333335
86417.0,Schlupp,50.0,Crystal Palace,3.0,1263.0,57.0,3.0,1.99,1.0975609756097562,2.1841463414634146,10.920731707317072,2.0,0.75,1.9230769230769231,1.4423076923076923,0.30112,3.8031456,5.769230769230769,45.75310807654784
215711.0,Bailey,55.0,Aston Villa,3.0,1054.0,50.0,1.0,2.99,0.746268656716418,2.2313432835820897,11.156716417910447,3.0,2.52,1.0909090909090908,2.749090909090909,0.23326,2.4585604,10.996363636363636,45.691640454274086
51090.0,Thiago Silva,50.0,Chelsea,2.0,1188.0,36.0,0.0,1.08,1.2195121951219512,1.3170731707317074,7.902439024390244,0.0,0.7,1.1764705882352942,0.8235294117647058,0.29878,14.1980256,3.2941176470588234,45.60507587144907
93264.0,Dier,45.0,Spurs,2.0,1442.0,45.0,0.0,0.97,0.4878048780487805,0.47317073170731705,2.8390243902439023,1.0,0.22,0.7142857142857143,0.15714285714285714,0.28708,16.5587744,0.6285714285714286,44.72667661881533
448047.0,Enzo,50.0,Chelsea,3.0,1547.0,42.0,0.0,0.78,0.0,0.0,0.0,2.0,2.64,0.8,2.112,0.2707,4.187729,8.448,43.575729
172632.0,Gray,55.0,Everton,3.0,1092.0,41.0,2.0,3.71,0.8433734939759037,3.1289156626506025,15.644578313253012,1.0,1.36,0.6756756756756757,0.918918918918919,0.21688,2.3683296,3.675675675675676,43.52858358892869
180135.0,S.Longstaff,50.0,Newcastle,3.0,1282.0,46.0,0.0,1.86,0.3448275862068966,0.6413793103448275,3.206896551724138,3.0,1.51,1.6216216216216215,2.4486486486486485,0.37834,4.8503188,9.794594594594594,43.49180994631873
116643.0,Fabinho,50.0,Liverpool,3.0,1582.0,43.0,0.0,0.47,0.9090909090909091,0.42727272727272725,2.1363636363636362,2.0,1.45,0.8333333333333334,1.2083333333333333,0.30112,4.7637184,4.833333333333333,43.37341536969697
111478.0,Veltman,45.0,Brighton,2.0,1147.0,51.0,1.0,1.19,0.8108108108108109,0.9648648648648649,5.789189189189189,0.0,0.45,1.0344827586206897,0.4655172413793104,0.34558,15.8552104,1.8620689655172415,42.482665954706434
164555.0,Coufal,45.0,West Ham,2.0,1272.0,38.0,0.0,0.19,0.0,0.0,0.0,1.0,0.91,1.3953488372093024,1.2697674418604652,0.31048,15.7972224,5.079069767441861,42.36698656744186
167199.0,Partey,50.0,Arsenal,3.0,1358.0,41.0,1.0,1.33,0.819672131147541,1.0901639344262295,5.450819672131147,0.0,1.51,0.8333333333333334,1.2583333333333333,0.33622,4.5658676,5.033333333333333,42.21002060546448
215439.0,Soucek,50.0,West Ham,3.0,1419.0,54.0,1.0,1.49,0.9770114942528736,1.4557471264367816,7.278735632183908,3.0,0.53,1.1363636363636365,0.6022727272727273,0.28708,4.0736652,2.409090909090909,42.14149174127482
208912.0,Worrall,45.0,Nottingham Forest,2.0,1412.0,42.0,1.0,0.67,1.4285714285714286,0.9571428571428572,5.742857142857143,0.0,0.19,0.0,0.0,0.18646,10.5312608,0.0,41.881302742857144
235530.0,Kelly,45.0,Bournemouth,2.0,1410.0,36.0,0.0,0.07,0.0,0.0,0.0,0.0,0.33,2.5,0.825,0.24028,13.551792,3.3,41.663844
54469.0,Smith,45.0,Bournemouth,2.0,1455.0,34.0,0.0,0.09,0.0,0.0,0.0,0.0,0.74,0.7692307692307693,0.5692307692307692,0.2239,13.03098,2.276923076923077,41.15015807692308
116404.0,Felipe,45.0,Nottingham Forest,2.0,1417.0,25.0,0.0,1.2,0.0,0.0,0.0,1.0,1.15,1.4285714285714286,1.6428571428571428,0.13732,7.7832976,6.571428571428571,40.74890177142857
128295.0,Nørgaard,55.0,Brentford,3.0,1255.0,43.0,0.0,0.97,0.7272727272727273,0.7054545454545454,3.5272727272727273,4.0,1.15,1.75,2.0125,0.31048,3.896524,8.05,40.57379672727273
472713.0,Hickey,45.0,Brentford,2.0,1238.0,50.0,0.0,0.31,0.0,0.0,0.0,2.0,0.46,2.5,1.15,0.30112,14.9114624,4.6,40.5435968
57531.0,Antonio,60.0,West Ham,4.0,1108.0,49.0,3.0,4.38,0.8389261744966443,3.674496644295302,14.697986577181208,2.0,0.37,2.388059701492537,0.8835820895522388,0.26836,0.0,3.5343283582089553,40.39231493539016
232787.0,Gallagher,55.0,Chelsea,3.0,1105.0,42.0,2.0,1.86,1.3829787234042552,2.5723404255319147,12.861702127659575,0.0,0.81,0.967741935483871,0.7838709677419354,0.20518,2.267239,3.1354838709677417,40.364424998627314
18892.0,Young,45.0,Everton,2.0,1215.0,51.0,0.0,0.29,1.4285714285714286,0.4142857142857143,2.4857142857142858,0.0,0.31,2.5,0.775,0.28006,13.610916,3.1,40.09390128571429
80801.0,Gueye,50.0,Everton,3.0,1680.0,40.0,0.0,0.71,0.0,0.0,0.0,0.0,0.39,2.0,0.78,0.2005,3.3684,3.12,40.0884
55494.0,Ward,45.0,Crystal Palace,2.0,1120.0,42.0,1.0,1.12,0.8333333333333334,0.9333333333333333,5.6,0.0,0.7,0.5263157894736842,0.3684210526315789,0.31048,13.909504,1.4736842105263157,39.905812210526314
128389.0,Mitrović,75.0,Fulham,4.0,817.0,31.0,4.0,5.92,0.8955223880597015,5.3014925373134325,21.20597014925373,0.0,0.44,1.2903225806451613,0.567741935483871,0.2356,0.0,2.270967741935484,39.81693789118921
465351.0,Matheus,50.0,Wolves,3.0,1488.0,48.0,1.0,1.28,0.45454545454545453,0.5818181818181818,2.909090909090909,0.0,0.85,0.9090909090909091,0.7727272727272727,0.259,3.85392,3.090909090909091,39.61392
210156.0,Awoniyi,65.0,Nottingham Forest,4.0,829.0,61.0,7.0,3.27,1.5384615384615385,5.030769230769231,20.123076923076923,1.0,0.14,5.0,0.7,0.20986,0.0,2.8,39.503076923076925
153682.0,Wilson,55.0,Fulham,3.0,812.0,55.0,2.0,1.54,1.0526315789473684,1.6210526315789473,8.105263157894736,4.0,0.89,3.75,3.3375,0.19348,1.5710576,13.35,39.26632075789474
56979.0,Henderson,50.0,Liverpool,3.0,1250.0,46.0,0.0,0.78,0.7894736842105263,0.6157894736842106,3.0789473684210527,3.0,2.12,0.898876404494382,1.90561797752809,0.2824,3.53,7.62247191011236,39.231419278533416
114243.0,Murphy,50.0,Newcastle,3.0,738.0,46.0,3.0,2.65,0.9859154929577465,2.612676056338028,13.06338028169014,1.0,2.16,0.9459459459459459,2.0432432432432432,0.33388,2.4640344,8.172972972972973,38.460387654663116
165809.0,Bernardo,65.0,Man City,3.0,1043.0,41.0,2.0,0.8,1.2173913043478262,0.9739130434782609,4.869565217391305,0.0,1.49,1.4150943396226414,2.108490566037736,0.3877,4.043711,8.433962264150944,38.20723848154225
179519.0,Mangala,50.0,Nottingham Forest,3.0,1218.0,38.0,1.0,0.27,1.6666666666666667,0.45,2.25,1.0,0.66,3.3333333333333335,2.2,0.20752,2.5275936,8.8,37.9375936
82514.0,Ream,45.0,Fulham,2.0,1371.0,51.0,0.0,0.0,5.0,0.0,0.0,0.0,0.15,0.0,0.0,0.21688,11.8936992,0.0,36.3402744
91651.0,Kovacic,50.0,Man City,3.0,1069.0,33.0,1.0,1.46,0.7142857142857143,1.042857142857143,5.214285714285714,1.0,1.3,1.1764705882352942,1.5294117647058822,0.31282,3.3440458,6.117647058823529,36.05597857310924
449871.0,Onana,50.0,Everton,3.0,1272.0,41.0,1.0,1.29,0.3333333333333333,0.43,2.15,1.0,0.85,1.5384615384615385,1.3076923076923077,0.20518,2.6098896,5.230769230769231,35.43065883076923
219924.0,Diop,45.0,Fulham,2.0,1232.0,45.0,0.0,0.0,3.75,0.0,0.0,0.0,0.39,1.1111111111111112,0.43333333333333335,0.23326,11.4950528,1.7333333333333334,34.99462293333333
80607.0,Eriksen,60.0,Man Utd,3.0,867.0,45.0,0.0,2.31,0.31746031746031744,0.7333333333333333,3.6666666666666665,4.0,1.35,1.9672131147540983,2.6557377049180326,0.34324,2.9758908,10.62295081967213,34.6055082863388
201057.0,Kehrer,45.0,West Ham,2.0,969.0,33.0,0.0,0.12,0.0,0.0,0.0,2.0,0.43,3.3333333333333335,1.4333333333333333,0.31282,12.1249032,5.733333333333333,34.207010733333334
209042.0,Skipp,50.0,Spurs,3.0,1361.0,37.0,1.0,0.23,2.5,0.575,2.875,0.0,0.32,0.0,0.0,0.28942,3.9390062,0.0,34.0340062
184667.0,Lindelöf,45.0,Man Utd,2.0,1009.0,51.0,0.0,0.25,0.9090909090909091,0.22727272727272727,1.3636363636363635,0.0,0.38,2.0,0.76,0.30112,12.1532032,3.04,33.698538763636364
216051.0,Dalot,50.0,Man Utd,2.0,987.0,53.0,1.0,1.84,0.37037037037037035,0.6814814814814815,4.088888888888889,1.0,0.49,0.8333333333333334,0.4083333333333333,0.27538,10.8720024,1.6333333333333333,33.61622402222222
235674.0,Solomon,55.0,Spurs,3.0,536.0,43.0,4.0,1.21,3.6363636363636362,4.4,22.0,0.0,0.78,0.0,0.0,0.15136,0.8112896,0.0,33.5312896
109533.0,Emerson,45.0,West Ham,2.0,1033.0,32.0,1.0,0.61,1.4285714285714286,0.8714285714285714,5.228571428571429,0.0,0.59,0.0,0.0,0.23794,9.8316808,0.0,33.26233202857143
242880.0,Badiashile,45.0,Chelsea,2.0,904.0,40.0,1.0,1.26,0.8333333333333334,1.05,6.3,0.0,0.2,0.0,0.0,0.32218,11.6500288,0.0,33.1175216
96994.0,De Cordova-Reid,55.0,Fulham,3.0,1117.0,34.0,0.0,0.85,1.2328767123287672,1.047945205479452,5.239726027397261,0.0,0.66,1.0714285714285714,0.7071428571428571,0.2122,2.370274,2.8285714285714283,32.77857145596869
40669.0,Ogbonna,45.0,West Ham,2.0,1119.0,41.0,0.0,0.12,1.7391304347826086,0.20869565217391303,1.2521739130434784,0.0,0.01,0.0,0.0,0.26134,11.6975784,0.0,32.40535771304348
206915.0,Jones,50.0,Liverpool,3.0,860.0,47.0,3.0,0.98,1.3513513513513513,1.3243243243243243,6.621621621621622,1.0,1.1,1.3793103448275863,1.5172413793103448,0.29176,2.509136,6.068965517241379,32.399723138863
60914.0,Matip,50.0,Liverpool,2.0,653.0,28.0,1.0,0.87,1.0416666666666667,0.90625,5.4375,0.0,0.87,2.2727272727272725,1.9772727272727273,0.29176,7.6207712,7.909090909090909,32.12216930909091
103192.0,Zouma,45.0,West Ham,2.0,804.0,41.0,1.0,0.91,1.4545454545454546,1.3236363636363635,7.941818181818181,1.0,0.05,0.0,0.0,0.31516,10.1355456,0.0,31.62347738181818
109646.0,Tosin,45.0,Fulham,2.0,1183.0,27.0,0.0,0.58,0.5555555555555556,0.32222222222222224,1.9333333333333333,0.0,0.4,0.0,0.0,0.1654,7.826728,0.0,31.463379333333332
224967.0,Mykolenko,45.0,Everton,2.0,1190.0,29.0,0.0,0.14,1.25,0.175,1.05,0.0,0.42,0.0,0.0,0.18412,8.764112,0.0,31.423084
199670.0,Edouard,55.0,Crystal Palace,4.0,1009.0,42.0,2.0,1.75,1.0204081632653061,1.7857142857142856,7.142857142857142,0.0,0.37,2.5,0.925,0.32452,0.0,3.7,31.02285714285714
151086.0,Lemina,50.0,Wolves,3.0,1297.0,35.0,0.0,0.25,1.25,0.3125,1.5625,1.0,0.46,0.7692307692307693,0.35384615384615387,0.15838,2.0541886,1.4153846153846155,30.972073215384615
493105.0,Garnacho,50.0,Man Utd,3.0,404.0,30.0,2.0,2.29,1.0344827586206897,2.3689655172413793,11.844827586206897,2.0,0.85,2.857142857142857,2.4285714285714284,0.3058,1.235432,9.714285714285714,30.87454530049261
170137.0,Saint-Maximin,60.0,Newcastle,3.0,700.0,31.0,0.0,0.77,0.989010989010989,0.7615384615384615,3.8076923076923075,2.0,1.53,1.7283950617283952,2.6444444444444444,0.34558,2.41906,10.577777777777778,30.804530085470084
204580.0,Janelt,55.0,Brentford,3.0,1092.0,38.0,1.0,0.49,1.5555555555555556,0.7622222222222222,3.8111111111111113,0.0,0.95,0.3225806451612903,0.3064516129032258,0.32686,3.5693112,1.2258064516129032,30.446228762724015
180736.0,Chalobah,45.0,Chelsea,2.0,879.0,25.0,0.0,0.47,1.6666666666666667,0.7833333333333333,4.7,0.0,0.25,2.5,0.625,0.20284,7.1318544,2.5,30.1288908
184754.0,Hwang,55.0,Wolves,3.0,651.0,41.0,3.0,2.52,1.095890410958904,2.761643835616438,13.808219178082192,1.0,0.3,1.1111111111111112,0.3333333333333333,0.29176,1.8993576,1.3333333333333333,30.060910111415524
158499.0,Christie,50.0,Bournemouth,3.0,1077.0,35.0,0.0,1.49,0.3448275862068966,0.5137931034482759,2.5689655172413794,2.0,1.43,0.5263157894736842,0.7526315789473684,0.25432,2.7390264,3.0105263157894737,29.858518233030853
241157.0,Emerson Royal,45.0,Spurs,2.0,831.0,59.0,2.0,0.61,1.0344827586206897,0.6310344827586207,3.7862068965517244,0.0,0.36,0.5714285714285714,0.2057142857142857,0.33856,11.2537344,0.8228571428571428,29.669364839408868
444463.0,W.Fofana,45.0,Chelsea,2.0,1002.0,33.0,1.0,0.61,0.47619047619047616,0.2904761904761905,1.7428571428571429,0.0,0.22,0.0,0.0,0.25432,10.1931456,0.0,29.427716342857142
59949.0,Coleman,45.0,Everton,2.0,1030.0,39.0,1.0,0.12,0.9523809523809523,0.11428571428571428,0.6857142857142857,0.0,0.57,1.0,0.57,0.18412,7.585744,2.28,29.255022285714286
85955.0,Jorginho,55.0,Arsenal,3.0,1135.0,38.0,0.0,0.21,0.0,0.0,0.0,2.0,0.61,0.9523809523809523,0.580952380952381,0.36898,4.187923,2.323809523809524,29.211732523809523
450434.0,Undav,55.0,Brighton,4.0,520.0,44.0,5.0,4.32,1.0869565217391304,4.695652173913043,18.782608695652172,2.0,1.09,0.0,0.0,0.30112,0.0,0.0,29.182608695652174
217593.0,Fornals,50.0,West Ham,3.0,705.0,38.0,2.0,1.53,1.0769230769230769,1.6476923076923076,8.238461538461538,1.0,1.17,1.0666666666666667,1.248,0.25666,1.809453,4.992,29.13991453846154
57328.0,Clyne,45.0,Crystal Palace,2.0,902.0,25.0,0.0,0.0,0.0,0.0,0.0,0.0,0.5,1.8181818181818181,0.9090909090909091,0.27304,9.8512832,3.6363636363636362,29.064826036363637
226944.0,Kamara,50.0,Aston Villa,3.0,1021.0,28.0,0.0,0.1,0.0,0.0,0.0,1.0,0.76,2.0,1.52,0.21688,2.2143448,6.08,28.7143448
55459.0,Cresswell,45.0,West Ham,2.0,814.0,35.0,0.0,0.11,0.8695652173913043,0.09565217391304348,0.5739130434782609,1.0,0.81,1.1650485436893203,0.9436893203883495,0.30112,9.8044672,3.774757281553398,27.98202072503166
444180.0,Anthony,50.0,Bournemouth,3.0,852.0,37.0,1.0,0.69,1.5789473684210527,1.0894736842105264,5.447368421052632,1.0,0.78,1.25,0.975,0.1654,1.409208,3.9,27.79657642105263
101582.0,Fred,50.0,Man Utd,3.0,794.0,33.0,0.0,0.75,1.4583333333333333,1.09375,5.46875,2.0,1.2,0.9523809523809523,1.1428571428571428,0.2356,1.870664,4.571428571428571,27.79084257142857
201658.0,Tavernier,55.0,Bournemouth,3.0,457.0,33.0,3.0,1.49,1.7241379310344829,2.5689655172413794,12.844827586206897,0.0,0.36,3.076923076923077,1.1076923076923078,0.22624,1.0339168,4.430769230769231,27.449513616976127
89076.0,Freuler,50.0,Nottingham Forest,3.0,1237.0,31.0,0.0,0.28,0.0,0.0,0.0,0.0,0.55,0.0,0.0,0.2005,2.480185,0.0,27.220185
148225.0,Martial,65.0,Man Utd,4.0,626.0,37.0,3.0,3.13,0.7874015748031497,2.4645669291338583,9.858267716535433,1.0,0.72,1.6129032258064515,1.1612903225806452,0.31516,0.0,4.645161290322581,27.023429006858013
120202.0,Weghorst,55.0,Burnley,4.0,790.0,24.0,0.0,2.02,0.2898550724637681,0.5855072463768116,2.3420289855072465,1.0,1.16,1.8181818181818181,2.109090909090909,0.22156,0.0,8.436363636363636,26.578392621870883
430871.0,Cunha,55.0,Wolves,4.0,961.0,39.0,2.0,1.72,1.0526315789473684,1.8105263157894735,7.242105263157894,0.0,0.17,0.0,0.0,0.24262,0.0,0.0,26.462105263157895
156685.0,Rothwell,50.0,Bournemouth,3.0,975.0,30.0,0.0,0.16,0.0,0.0,0.0,1.0,1.46,0.7692307692307693,1.123076923076923,0.24964,2.43399,4.492307692307692,26.426297692307692
110735.0,Webster,45.0,Brighton,2.0,813.0,42.0,0.0,0.49,0.6382978723404256,0.3127659574468085,1.876595744680851,0.0,0.18,0.0,0.0,0.33622,10.9338744,0.0,26.337001544680852
183656.0,Dasilva,50.0,Brentford,3.0,616.0,38.0,1.0,0.76,2.5,1.9,9.5,1.0,0.46,1.1764705882352942,0.5411764705882353,0.33622,2.0711152,2.164705882352941,26.055821082352942
200600.0,Podence,55.0,Wolves,3.0,591.0,40.0,3.0,1.39,1.3414634146341462,1.8646341463414633,9.323170731707316,0.0,0.89,0.7352941176470589,0.6544117647058824,0.27304,1.6136664,2.6176470588235294,25.374484190530847
536916.0,Buonanotte,50.0,Brighton,3.0,558.0,26.0,1.0,1.3,0.8333333333333334,1.0833333333333333,5.416666666666667,1.0,0.39,5.0,1.95,0.16072,0.8968176,7.8,25.273484266666667
41328.0,Azpilicueta,45.0,Chelsea,2.0,813.0,14.0,0.0,0.22,1.1111111111111112,0.24444444444444444,1.4666666666666666,0.0,0.54,0.7407407407407407,0.4,0.23092,7.5095184,1.6,24.958805466666668
223911.0,Mepham,45.0,Bournemouth,2.0,946.0,19.0,0.0,0.67,0.0,0.0,0.0,0.0,0.09,0.0,0.0,0.20284,7.6754656,0.0,24.6765992
108413.0,Hughes,50.0,Crystal Palace,3.0,730.0,31.0,1.0,0.2,3.3333333333333335,0.6666666666666666,3.3333333333333335,1.0,0.6,1.8181818181818181,1.0909090909090908,0.27538,2.010274,4.363636363636363,24.307243696969696
146941.0,Laporte,50.0,Man City,2.0,707.0,31.0,0.0,0.31,0.6349206349206349,0.19682539682539682,1.180952380952381,0.0,0.24,0.0,0.0,0.35962,10.1700536,0.0,22.94849258095238
477064.0,Lewis,45.0,Man City,2.0,712.0,19.0,0.0,0.21,0.0,0.0,0.0,0.0,1.33,0.0,0.0,0.40174,11.4415552,0.0,22.8211664
510362.0,Toti,45.0,Wolves,2.0,690.0,34.0,1.0,0.35,2.5,0.875,5.25,0.0,0.22,0.0,0.0,0.16072,4.435872,0.0,22.376904
490721.0,Bueno,45.0,Wolves,2.0,726.0,24.0,0.0,0.01,0.0,0.0,0.0,0.0,0.54,1.1111111111111112,0.6,0.24496,7.1136384,2.4,22.2552288
88484.0,Sarabia,50.0,Wolves,3.0,764.0,27.0,1.0,2.99,0.3333333333333333,0.9966666666666667,4.983333333333333,0.0,0.89,0.0,0.0,0.24028,1.8357392,0.0,22.099072533333334
101188.0,Digne,45.0,Aston Villa,2.0,592.0,24.0,0.0,0.21,0.6666666666666666,0.14,0.84,0.0,1.03,1.1827956989247312,1.218279569892473,0.24496,5.8006528,4.873118279569892,21.903607879569893
513418.0,Schade,55.0,Brentford,3.0,723.0,29.0,0.0,2.07,0.0,0.0,0.0,1.0,0.67,1.6666666666666667,1.1166666666666667,0.40174,2.9045802,4.466666666666667,21.831246866666667
215136.0,N.Williams,45.0,Nottingham Forest,2.0,780.0,23.0,1.0,0.31,0.8333333333333334,0.25833333333333336,1.55,0.0,0.17,0.625,0.10625,0.1654,5.16048,0.425,21.44536
124183.0,Ziyech,55.0,Chelsea,3.0,501.0,27.0,0.0,0.5,1.0526315789473684,0.5263157894736842,2.631578947368421,3.0,1.42,1.2162162162162162,1.727027027027027,0.32452,1.6258452,6.908108108108108,21.185532255476527
204968.0,Yates,50.0,Nottingham Forest,3.0,711.0,21.0,0.0,0.42,0.0,0.0,0.0,1.0,0.18,6.666666666666667,1.2,0.27304,1.9413144,4.8,20.9613144
76357.0,Cairney,50.0,Fulham,3.0,593.0,32.0,2.0,0.86,1.4285714285714286,1.2285714285714286,6.142857142857143,0.0,0.65,0.47619047619047616,0.30952380952380953,0.18178,1.0779554,1.2380952380952381,20.31890778095238
195851.0,McTominay,50.0,Man Utd,3.0,514.0,22.0,1.0,1.25,1.1111111111111112,1.3888888888888888,6.944444444444445,0.0,0.51,0.7407407407407407,0.37777777777777777,0.2005,1.03057,1.511111111111111,19.766125555555554
102057.0,Jiménez,55.0,Fulham,4.0,619.0,23.0,0.0,1.54,0.8823529411764706,1.3588235294117648,5.435294117647059,2.0,0.29,1.4705882352941175,0.4264705882352941,0.20752,0.0,1.7058823529411764,19.521176470588234
232826.0,Gordon,55.0,Newcastle,3.0,503.0,26.0,1.0,1.43,0.9195402298850575,1.3149425287356322,6.574712643678161,0.0,0.79,0.47619047619047616,0.3761904761904762,0.27304,1.3733912,1.5047619047619047,19.512865748440067
232928.0,Garner,50.0,Everton,3.0,659.0,20.0,0.0,0.65,0.0,0.0,0.0,1.0,0.49,2.5,1.225,0.19582,1.2904538,4.9,19.3704538
222690.0,Malacia,45.0,Man Utd,2.0,645.0,28.0,0.0,0.06,0.0,0.0,0.0,0.0,0.32,0.0,0.0,0.31984,8.251872,0.0,19.088904
248857.0,Madueke,55.0,Chelsea,3.0,639.0,26.0,1.0,0.9,1.1111111111111112,1.0,5.0,0.0,0.72,0.0,0.0,0.1771,1.131669,0.0,18.911669
156074.0,Holding,45.0,Arsenal,2.0,547.0,16.0,1.0,0.32,1.1111111111111112,0.35555555555555557,2.1333333333333333,0.0,0.15,3.3333333333333335,0.5,0.19348,4.2333424,2.0,18.248340133333333
198826.0,Godfrey,45.0,Everton,2.0,680.0,14.0,0.0,0.7,0.0,0.0,0.0,1.0,0.08,5.0,0.4,0.13264,3.607808,1.6,17.905856
432830.0,Collins,45.0,Brentford,2.0,609.0,16.0,0.0,0.2,1.1764705882352942,0.23529411764705882,1.4117647058823528,0.0,0.03,0.0,0.0,0.22624,5.5112064,0.0,17.725169505882352
171287.0,Gomez,45.0,Liverpool,2.0,561.0,28.0,0.0,0.09,0.0,0.0,0.0,0.0,0.53,1.1111111111111112,0.5888888888888889,0.24496,5.4969024,2.3555555555555556,17.698232355555554
231747.0,Mateta,50.0,Crystal Palace,4.0,458.0,26.0,1.0,2.2,0.8247422680412371,1.8144329896907216,7.257731958762887,0.0,0.12,2.5,0.3,0.23092,0.0,1.2,17.617731958762885
48760.0,Zanka,45.0,Brentford,2.0,462.0,25.0,0.0,0.86,1.0,0.86,5.16,1.0,0.05,0.0,0.0,0.23092,4.2674016,0.0,17.6005512
226956.0,Roerslev,45.0,Brentford,2.0,490.0,24.0,0.0,0.18,1.6666666666666667,0.3,1.8,0.0,0.36,0.5882352941176471,0.21176470588235294,0.27304,5.351584,0.8470588235294118,16.460746823529412
440089.0,Damsgaard,50.0,Brentford,3.0,711.0,24.0,0.0,1.89,0.0,0.0,0.0,0.0,0.87,0.0,0.0,0.28708,2.0411388,0.0,16.2611388
90585.0,Boly,45.0,Nottingham Forest,2.0,441.0,28.0,0.0,0.03,0.7692307692307693,0.023076923076923078,0.13846153846153847,1.0,0.25,3.3333333333333335,0.8333333333333334,0.29176,5.1466464,3.3333333333333335,16.151779671794873
115382.0,Maupay,50.0,Everton,4.0,453.0,17.0,0.0,2.83,0.5829596412556054,1.6497757847533632,6.599103139013453,0.0,0.12,0.8888888888888888,0.10666666666666667,0.1888,0.0,0.4266666666666667,16.08576980568012
214285.0,Tsimikas,45.0,Liverpool,2.0,371.0,25.0,0.0,0.4,0.0,0.0,0.0,1.0,0.75,1.935483870967742,1.4516129032258065,0.20986,3.1143224,5.806451612903226,15.562193412903225
202993.0,Bentancur,55.0,Spurs,3.0,318.0,12.0,1.0,0.81,1.7857142857142858,1.4464285714285714,7.232142857142857,0.0,0.06,3.75,0.225,0.33388,1.0617384,0.9,15.553881257142857
200641.0,Nelson,50.0,Arsenal,3.0,138.0,22.0,1.0,0.46,2.3076923076923075,1.0615384615384615,5.3076923076923075,2.0,0.84,2.0,1.68,0.38536,0.5317968,6.72,15.319489107692307
50232.0,Shelvey,50.0,Nottingham Forest,3.0,539.0,13.0,0.0,0.19,0.8333333333333334,0.15833333333333333,0.7916666666666666,0.0,0.66,0.9302325581395349,0.6139534883720931,0.18178,0.9797942,2.4558139534883723,15.007274820155038
95658.0,Maguire,45.0,Man Utd,2.0,468.0,32.0,0.0,0.12,0.75,0.09,0.54,0.0,0.01,1.6666666666666667,0.016666666666666666,0.31282,5.8559904,0.06666666666666667,14.358659466666667
230251.0,Dennis,50.0,Nottingham Forest,4.0,343.0,19.0,1.0,1.0,1.3186813186813187,1.3186813186813187,5.274725274725275,1.0,0.11,4.2105263157894735,0.4631578947368421,0.20518,0.0,1.8526315789473684,13.987356853672644
128340.0,Moore,50.0,Bournemouth,4.0,350.0,11.0,0.0,1.82,0.9302325581395349,1.6930232558139535,6.772093023255814,0.0,0.07,0.0,0.0,0.18646,0.0,0.0,13.772093023255813
438098.0,Fábio Vieira,55.0,Arsenal,3.0,255.0,17.0,0.0,0.53,1.1111111111111112,0.5888888888888889,2.944444444444444,1.0,0.65,1.5384615384615385,1.0,0.3877,0.988635,4.0,13.033079444444445
535928.0,Bajcetic,50.0,Liverpool,3.0,487.0,14.0,0.0,0.21,1.4285714285714286,0.3,1.5,0.0,0.45,0.0,0.0,0.33622,1.6373914,0.0,12.8773914
487838.0,Hall,45.0,Chelsea,3.0,581.0,17.0,0.0,0.83,0.0,0.0,0.0,0.0,1.37,0.0,0.0,0.18178,1.0561418,0.0,12.6761418
437742.0,Sambi,50.0,Arsenal,3.0,533.0,15.0,0.0,0.17,0.0,0.0,0.0,0.0,0.11,0.0,0.0,0.376,2.00408,0.0,12.66408
61558.0,Thiago,50.0,Liverpool,3.0,451.0,12.0,0.0,0.27,0.5714285714285714,0.15428571428571428,0.7714285714285715,0.0,0.44,0.9090909090909091,0.4,0.24964,1.1258764,1.6,12.51730497142857
448514.0,Aït-Nouri,45.0,Wolves,2.0,354.0,11.0,0.0,0.18,2.142857142857143,0.38571428571428573,2.3142857142857145,0.0,0.04,1.3636363636363635,0.05454545454545454,0.2473,3.501768,0.21818181818181817,12.238793532467533
192895.0,Tierney,45.0,Arsenal,2.0,327.0,16.0,0.0,0.12,1.8181818181818181,0.21818181818181817,1.309090909090909,1.0,0.17,1.5555555555555556,0.2644444444444444,0.31282,4.0916856,1.0577777777777777,11.975632886868686
247632.0,Neto,55.0,Wolves,3.0,362.0,19.0,0.0,0.43,0.7894736842105263,0.3394736842105263,1.6973684210526316,2.0,0.46,0.9333333333333333,0.42933333333333334,0.29644,1.0731128,1.7173333333333334,11.727814554385965
60689.0,Wood,50.0,Nottingham Forest,4.0,393.0,21.0,1.0,0.94,0.7881773399014779,0.7408866995073892,2.9635467980295567,0.0,0.09,1.6666666666666667,0.15,0.30112,0.0,0.6,11.423546798029557
222018.0,Johnson,45.0,West Ham,2.0,373.0,13.0,0.0,0.06,3.3333333333333335,0.2,1.2,0.0,0.14,0.0,0.0,0.22624,3.3755008,0.0,11.1916256
110504.0,Traoré,50.0,Aston Villa,3.0,226.0,20.0,2.0,0.75,1.2162162162162162,0.9121621621621622,4.5608108108108105,0.0,0.12,1.935483870967742,0.23225806451612901,0.45556,1.0295656,0.9290322580645161,11.039408668875327
49413.0,Tomkins,40.0,Crystal Palace,2.0,233.0,10.0,1.0,0.81,1.3333333333333333,1.08,6.4799999999999995,0.0,0.0,0.0,0.0,-0.01712,-0.1595584,0.0,11.0203312
15157.0,Milner,50.0,Brighton,3.0,429.0,22.0,0.0,0.05,0.0,0.0,0.0,0.0,0.27,0.8333333333333334,0.225,0.28942,1.2416118,0.9,10.7216118
176413.0,Pulisic,55.0,Chelsea,3.0,312.0,13.0,0.0,0.59,0.8461538461538461,0.49923076923076926,2.496153846153846,0.0,0.12,1.5625,0.1875,0.24028,0.7496736,0.75,10.235827446153847
243568.0,Gilmour,50.0,Brighton,3.0,398.0,15.0,0.0,0.5,0.0,0.0,0.0,1.0,0.47,0.6896551724137931,0.32413793103448274,0.21688,0.8631824,1.296551724137931,10.119734124137931
151589.0,Dendoncker,50.0,Aston Villa,3.0,385.0,17.0,0.0,0.03,0.4838709677419355,0.014516129032258065,0.07258064516129033,0.0,0.1,2.857142857142857,0.2857142857142857,0.26602,1.024177,1.1428571428571428,9.939614788018433
437468.0,Sergio Gómez,40.0,Man City,2.0,234.0,14.0,0.0,0.23,0.0,0.0,0.0,0.0,0.86,1.0,0.86,0.24496,2.2928256,3.44,9.8396192
173904.0,Sánchez,45.0,Spurs,2.0,298.0,8.0,0.0,0.32,0.5882352941176471,0.18823529411764706,1.1294117647058823,0.0,0.01,0.0,0.0,0.2941,3.505672,0.0,9.718665764705882
428580.0,Onyeka,50.0,Brentford,3.0,402.0,20.0,0.0,0.66,0.0,0.0,0.0,2.0,0.11,1.8181818181818181,0.2,0.21688,0.8718576,0.8,9.7118576
155408.0,Cook,50.0,Bournemouth,3.0,351.0,11.0,0.0,0.04,0.0,0.0,0.0,0.0,0.53,0.9090909090909091,0.4818181818181818,0.21454,0.7530354,1.9272727272727272,9.700308127272727
87835.0,Doherty,45.0,Wolves,2.0,226.0,16.0,1.0,0.34,0.8333333333333334,0.2833333333333333,1.7,0.0,0.09,3.0,0.27,0.33622,3.0394288,1.08,9.5795716
54694.0,Aubameyang,65.0,Chelsea,4.0,235.0,9.0,0.0,1.27,0.9219858156028369,1.1709219858156028,4.683687943262411,0.0,0.04,1.1428571428571428,0.045714285714285714,0.27538,0.0,0.18285714285714286,9.566545086119554
215379.0,Anderson,45.0,Newcastle,3.0,298.0,22.0,0.0,0.66,0.0,0.0,0.0,1.0,0.84,0.7142857142857143,0.6,0.28942,0.8624716,2.4,9.2224716
101184.0,Chambers,40.0,Aston Villa,2.0,245.0,9.0,0.0,0.14,1.4285714285714286,0.2,1.2,0.0,0.19,1.5384615384615385,0.2923076923076923,0.25198,2.469404,1.1692307692307693,9.12128376923077
243571.0,Patterson,45.0,Everton,2.0,350.0,7.0,0.0,0.0,0.0,0.0,0.0,0.0,0.19,0.0,0.0,0.19114,2.67596,0.0,9.00697
424044.0,H.Traorè,50.0,Bournemouth,3.0,425.0,14.0,0.0,1.04,0.0,0.0,0.0,0.0,1.15,0.0,0.0,0.1186,0.50405,0.0,9.00405
194164.0,Holgate,40.0,Everton,2.0,187.0,4.0,0.0,0.7,0.9090909090909091,0.6363636363636364,3.8181818181818183,0.0,0.05,1.1111111111111112,0.05555555555555555,0.21454,1.6047592,0.2222222222222222,8.983973440404041
84583.0,Coutinho,60.0,Aston Villa,3.0,207.0,13.0,1.0,0.37,1.2,0.444,2.22,0.0,0.32,1.3043478260869565,0.41739130434782606,0.39004,0.8073828,1.6695652173913043,8.836948017391304
168281.0,McKenna,45.0,Nottingham Forest,2.0,310.0,16.0,0.0,0.0,0.0,0.0,0.0,0.0,0.15,0.0,0.0,0.22156,2.747344,0.0,8.260508
114241.0,Toffolo,45.0,Nottingham Forest,2.0,329.0,12.0,0.0,0.11,0.0,0.0,0.0,0.0,0.02,0.0,0.0,0.1654,2.176664,0.0,8.212498
218997.0,Simms,45.0,Everton,4.0,219.0,17.0,1.0,0.86,1.1111111111111112,0.9555555555555555,3.822222222222222,0.0,0.15,0.0,0.0,-0.00542,0.0,0.0,8.202222222222222
114128.0,Jonny,45.0,Wolves,2.0,253.0,13.0,1.0,0.05,2.3076923076923075,0.11538461538461539,0.6923076923076923,0.0,0.35,0.0,0.0,0.30346,3.0710152,0.0,8.055569092307692
191866.0,Ajer,45.0,Brentford,2.0,261.0,14.0,0.0,0.0,1.4285714285714286,0.0,0.0,0.0,0.08,1.5789473684210527,0.12631578947368421,0.29644,3.0948336,0.5052631578947369,8.046388357894736
227127.0,Bissouma,50.0,Spurs,3.0,310.0,9.0,0.0,0.02,0.9523809523809523,0.01904761904761905,0.09523809523809523,0.0,0.17,1.1111111111111112,0.18888888888888888,0.3175,0.98425,0.7555555555555555,8.03504365079365
149519.0,Cornet,55.0,West Ham,3.0,147.0,9.0,0.0,0.73,1.25,0.9125,4.5625,0.0,0.11,0.5555555555555556,0.06111111111111111,0.1771,0.260337,0.24444444444444444,8.007281444444445
155405.0,Phillips,50.0,Man City,3.0,290.0,13.0,0.0,0.28,0.7692307692307693,0.2153846153846154,1.0769230769230769,0.0,0.11,0.9090909090909091,0.1,0.24496,0.710384,0.4,7.987307076923077
244851.0,Palmer,50.0,Man City,3.0,257.0,12.0,0.0,0.29,0.0,0.0,0.0,1.0,0.24,1.6666666666666667,0.4,0.19114,0.4912298,1.6,7.2312298
58822.0,Cédric,40.0,Arsenal,2.0,195.0,8.0,0.0,0.06,1.4285714285714286,0.08571428571428572,0.5142857142857143,0.0,0.18,1.0526315789473684,0.18947368421052632,0.34324,2.677272,0.7578947368421053,7.180134451127819
223723.0,Tomiyasu,45.0,Arsenal,2.0,217.0,11.0,0.0,0.16,0.0,0.0,0.0,1.0,0.09,1.6666666666666667,0.15,0.32218,2.7965224,0.6,7.0373918
184349.0,R.Sessegnon,45.0,Spurs,2.0,147.0,4.0,0.0,0.27,1.0,0.27,1.62,0.0,0.37,0.6060606060606061,0.22424242424242424,0.33622,1.9769736,0.896969696969697,6.939699896969697
232792.0,Lamptey,40.0,Brighton,2.0,163.0,12.0,0.0,0.17,0.6666666666666666,0.11333333333333333,0.68,0.0,0.39,0.75,0.2925,0.30346,1.9785592,1.17,6.5939194
209289.0,Smith Rowe,55.0,Arsenal,3.0,114.0,14.0,0.0,0.16,1.5,0.24,1.2,2.0,0.36,1.6666666666666667,0.6,0.25666,0.2925924,2.4,6.1725924
441192.0,Sarmiento,45.0,Brighton,3.0,110.0,13.0,0.0,0.18,0.0,0.0,0.0,2.0,0.17,5.0,0.85,0.26368,0.290048,3.4,5.890048
436234.0,Bryan,50.0,Spurs,3.0,140.0,8.0,0.0,0.1,0.0,0.0,0.0,1.0,0.06,10.0,0.6,0.4813,0.67382,2.4,5.87382
169359.0,Targett,45.0,Newcastle,2.0,180.0,12.0,0.0,0.0,0.9090909090909091,0.0,0.0,0.0,0.12,0.5,0.06,0.37132,2.673504,0.24,5.845128
432160.0,Baptiste,45.0,Brentford,3.0,177.0,11.0,0.0,0.12,0.9090909090909091,0.10909090909090909,0.5454545454545454,1.0,0.08,1.1111111111111112,0.08888888888888889,0.34558,0.6116766,0.35555555555555557,5.052686701010101
55037.0,Kouyaté,50.0,Nottingham Forest,3.0,170.0,8.0,0.0,0.03,1.25,0.0375,0.1875,0.0,0.01,0.8333333333333334,0.008333333333333333,0.19816,0.336872,0.03333333333333333,3.957705333333333
111317.0,Brooks,50.0,Bournemouth,3.0,170.0,5.0,0.0,0.33,0.0,0.0,0.0,0.0,0.2,0.0,0.0,0.06478,0.110126,0.0,3.510126
101148.0,Lascelles,40.0,Newcastle,2.0,109.0,1.0,0.0,0.04,1.3636363636363635,0.05454545454545454,0.32727272727272727,0.0,0.01,0.0,0.0,0.18178,0.7925608,0.0,3.101693327272727
39155.0,Lallana,50.0,Brighton,3.0,106.0,5.0,0.0,0.05,0.7894736842105263,0.039473684210526314,0.19736842105263158,0.0,0.09,0.6521739130434783,0.058695652173913045,0.29878,0.3167068,0.23478260869565218,2.8688578297482836
195899.0,Scamacca,60.0,West Ham,4.0,81.0,9.0,1.0,0.15,1.2,0.18,0.72,0.0,0.07,0.0,0.0,0.35026,0.0,0.0,2.34
81012.0,Fredericks,45.0,Bournemouth,2.0,78.0,3.0,0.0,0.0,5.0,0.0,0.0,0.0,0.0,1.25,0.0,0.20518,0.6401616,0.0,2.0401212
449434.0,Elanga,50.0,Nottingham Forest,3.0,48.0,4.0,0.0,0.14,0.7894736842105263,0.11052631578947368,0.5526315789473685,0.0,0.02,1.3636363636363635,0.02727272727272727,0.36898,0.1771104,0.10909090909090909,1.7988328880382776
199584.0,Tanganga,40.0,Spurs,2.0,79.0,3.0,0.0,0.0,0.0,0.0,0.0,0.0,0.01,0.0,0.0,0.07414,0.2342824,0.0,1.7557118
520295.0,D.D.Fofana,50.0,Chelsea,4.0,68.0,3.0,0.0,0.57,0.0,0.0,0.0,0.0,0.04,0.0,0.0,0.07648,0.0,0.0,1.36
180184.0,Van de Beek,50.0,Man Utd,3.0,45.0,1.0,0.0,0.0,1.6666666666666667,0.0,0.0,0.0,0.02,1.0,0.02,0.40408,0.181836,0.08,1.161836
173954.0,Riedewald,45.0,Crystal Palace,3.0,14.0,2.0,0.0,0.04,4.0,0.16,0.8,0.0,0.0,0.0,0.0,0.2824,0.039536,0.0,1.119536
249231.0,Lewis-Potter,50.0,Brentford,3.0,31.0,3.0,0.0,0.0,0.0,0.0,0.0,0.0,0.02,3.3333333333333335,0.06666666666666667,0.33154,0.1027774,0.26666666666666666,0.9894440666666666
56983.0,Ritchie,45.0,Newcastle,2.0,32.0,5.0,0.0,0.0,0.0,0.0,0.0,0.0,0.05,0.8695652173913043,0.043478260869565216,0.06946,0.0889088,0.17391304347826086,0.8805946434782609
244085.0,Dembélé,45.0,Bournemouth,3.0,40.0,3.0,0.0,0.12,0.0,0.0,0.0,0.0,0.01,0.0,0.0,0.14902,0.059608,0.0,0.859608
165659.0,Diego Carlos,45.0,Aston Villa,2.0,25.0,1.0,0.0,0.0,0.0,0.0,0.0,0.0,0.09,0.0,0.0,0.41344,0.41344,0.0,0.81008
109528.0,Manquillo,40.0,Newcastle,2.0,24.0,3.0,0.0,0.0,3.3333333333333335,0.0,0.0,0.0,0.01,5.0,0.05,0.00862,0.0082752,0.2,0.6862064
243345.0,O'Brien,50.0,Nottingham Forest,3.0,20.0,1.0,0.0,0.0,2.5,0.0,0.0,0.0,0.0,0.0,0.0,0.0952,0.01904,0.0,0.41904
174932.0,Canós,50.0,Brentford,2.0,2.0,1.0,0.0,0.0,1.0,0.0,0.0,0.0,0.0,0.9523809523809523,0.0,0.09286,0.0074288,0.0,0.0455716
228044.0,Bech,40.0,Brentford,2.0,1.0,1.0,0.0,0.0,0.0,0.0,0.0,0.0,0.0,0.0,0.0,0.2824,0.011296,0.0,0.028472
108823.0,Dele,50.0,Everton,3.0,0.0,0.0,0.0,0.0,0.0,0.0,0.0,0.0,0.0,0.625,0.0,-0.32132,0.0,0.0,0.0
213687.0,Goode,40.0,Brentford,2.0,0.0,0.0,0.0,0.0,0.0,0.0,0.0,0.0,0.0,0.0,0.0,0.61,0.0,0.0,0.0
166324.0,Cavaleiro,50.0,Fulham,3.0,0.0,0.0,0.0,0.0,0.425531914893617,0.0,0.0,0.0,0.0,0.0,0.0,0.61,0.0,0.0,0.0
199598.0,Ampadu,40.0,Chelsea,2.0,0.0,0.0,0.0,0.0,0.0,0.0,0.0,0.0,0.0,0.0,0.0,0.61,0.0,0.0,0.0
106618.0,Dummett,40.0,Newcastle,2.0,0.0,0.0,0.0,0.0,3.3333333333333335,0.0,0.0,0.0,0.0,0.0,0.0,0.61,0.0,0.0,0.0
180151.0,Vlasic,45.0,West Ham,3.0,0.0,0.0,0.0,0.0,0.8333333333333334,0.0,0.0,0.0,0.0,0.0,0.0,0.61,0.0,0.0,0.0
199249.0,Reguilón,45.0,Spurs,2.0,0.0,0.0,0.0,0.0,0.4878048780487805,0.0,0.0,0.0,0.0,1.0909090909090908,0.0,0.61,0.0,0.0,0.0
83283.0,Redmond,50.0,Burnley,3.0,0.0,0.0,0.0,0.0,0.6818181818181818,0.0,0.0,0.0,0.0,1.777777777777778,0.0,0.1888,0.0,0.0,0.0
83314.0,Hendrick,45.0,Newcastle,3.0,0.0,0.0,0.0,0.0,2.3076923076923075,0.0,0.0,0.0,0.0,2.0,0.0,0.61,0.0,0.0,0.0
243505.0,Moder,45.0,Brighton,3.0,0.0,0.0,0.0,0.0,0.0,0.0,0.0,0.0,0.0,1.3636363636363635,0.0,0.61,0.0,0.0,0.0
111773.0,Krafth,45.0,Newcastle,2.0,0.0,0.0,0.0,0.0,1.4285714285714286,0.0,0.0,0.0,0.0,1.25,0.0,-1.496,0.0,0.0,0.0
197464.0,Phillips,40.0,Liverpool,2.0,0.0,0.0,0.0,0.0,1.1111111111111112,0.0,0.0,0.0,0.0,5.0,0.0,0.45556,0.0,0.0,0.0
510363.0,Chiquinho,45.0,Wolves,3.0,0.0,0.0,0.0,0.0,0.0,0.0,0.0,0.0,0.0,5.0,0.0,0.61,0.0,0.0,0.0
209046.0,Hudson-Odoi,50.0,Chelsea,3.0,0.0,0.0,0.0,0.0,0.75,0.0,0.0,0.0,0.0,1.0638297872340425,0.0,0.61,0.0,0.0,0.0
221239.0,Davis,50.0,Aston Villa,4.0,0.0,0.0,0.0,0.0,0.7142857142857143,0.0,0.0,0.0,0.0,3.3333333333333335,0.0,0.61,0.0,0.0,0.0
153256.0,Elneny,45.0,Arsenal,3.0,0.0,0.0,0.0,0.0,5.0,0.0,0.0,0.0,0.0,5.0,0.0,0.3643,0.0,0.0,0.0
232937.0,B.Williams,40.0,Man Utd,2.0,0.0,0.0,0.0,0.0,0.0,0.0,0.0,0.0,0.0,0.8333333333333334,0.0,0.61,0.0,0.0,0.0
235382.0,Alzate,45.0,Brighton,3.0,0.0,0.0,0.0,0.0,1.0,0.0,0.0,0.0,0.0,0.0,0.0,0.61,0.0,0.0,0.0
152590.0,Telles,45.0,Man Utd,2.0,0.0,0.0,0.0,0.0,0.0,0.0,0.0,0.0,0.0,1.8181818181818181,0.0,0.61,0.0,0.0,0.0
181284.0,Guedes,55.0,Wolves,3.0,0.0,0.0,0.0,0.0,0.7692307692307693,0.0,0.0,0.0,0.0,2.0,0.0,0.25198,0.0,0.0,0.0
120250.0,André Gomes,45.0,Everton,3.0,0.0,0.0,0.0,0.0,0.0,0.0,0.0,0.0,0.0,2.857142857142857,0.0,0.61,0.0,0.0,0.0
56917.0,Cook,45.0,Nottingham Forest,2.0,0.0,0.0,0.0,0.0,0.0,0.0,0.0,0.0,0.0,0.0,0.0,0.27538,0.0,0.0,0.0
437626.0,Tavares,40.0,Arsenal,2.0,0.0,0.0,0.0,0.0,0.5882352941176471,0.0,0.0,0.0,0.0,0.9090909090909091,0.0,0.61,0.0,0.0,0.0
449988.0,Fabio Silva,55.0,Wolves,4.0,0.0,0.0,0.0,0.0,0.5,0.0,0.0,0.0,0.0,3.0,0.0,0.61,0.0,0.0,0.0
195735.0,Pépé,50.0,Arsenal,3.0,0.0,0.0,0.0,0.0,1.2820512820512822,0.0,0.0,0.0,0.0,1.25,0.0,0.61,0.0,0.0,0.0
440323.0,Broja,50.0,Chelsea,4.0,0.0,0.0,0.0,0.0,1.0447761194029852,0.0,0.0,0.0,0.0,0.0,0.0,0.27772,0.0,0.0,0.0
90105.0,Fraser,50.0,Newcastle,3.0,0.0,0.0,0.0,0.0,0.5263157894736842,0.0,0.0,0.0,0.0,1.3157894736842104,0.0,0.38068,0.0,0.0,0.0
194799.0,Lewis,40.0,Newcastle,2.0,2.0,1.0,0.0,0.0,0.0,0.0,0.0,0.0,0.0,1.1111111111111112,0.0,-1.847,-0.14776,0.0,-0.07082
