code_player,web_name,team_name,element_type,minutes,points_total,goals,xg,finishing,xgfinish,xg_points,assists,xa,assist_quality,xaquality,xcsp90,xcs_points,xa_points,x_points
118748.0,Salah,Liverpool,3.0,1873.0,143.0,12.0,12.22,0.9980430528375733,12.196086105675146,60.980430528375734,8.0,4.57,1.4218009478672986,6.497630331753554,0.3058,5.727634,25.990521327014218,130.15858585538996
223094.0,Haaland,Man City,4.0,1551.0,130.0,15.0,14.93,1.2554112554112553,18.743290043290042,74.97316017316017,6.0,0.95,2.7586206896551726,2.6206896551724137,0.41812,0.0,10.482758620689655,116.47591879384983
78830.0,Kane,Spurs,4.0,1980.0,154.0,17.0,11.09,1.1608961303462322,12.874338085539716,51.49735234215886,6.0,2.68,2.1311475409836067,5.711475409836066,0.3058,0.0,22.845901639344262,113.94325398150312
141746.0,Fernandes,Man Utd,3.0,1968.0,119.0,6.0,6.83,1.0548523206751055,7.204641350210971,36.02320675105485,6.0,7.06,0.959409594095941,6.773431734317343,0.29878,5.8799904,27.093726937269373,108.35692408832422
176297.0,Rashford,Man Utd,3.0,1624.0,124.0,11.0,10.37,1.1808118081180812,12.245018450184501,61.22509225092251,4.0,1.09,2.051282051282051,2.235897435897436,0.29176,4.7381824,8.943589743589744,107.38686439451226
101178.0,Ward-Prowse,Southampton,3.0,1841.0,86.0,6.0,4.05,2.608695652173913,10.565217391304348,52.826086956521735,2.0,2.93,1.019108280254777,2.985987261146497,0.23092,4.2512372,11.943949044585988,105.84127320110773
85971.0,Son,Spurs,3.0,1766.0,97.0,7.0,6.18,1.4121037463976944,8.726801152737751,43.63400576368876,4.0,2.68,1.5753424657534247,4.221917808219178,0.29878,5.2764548,16.887671232876713,101.11813179656548
172780.0,Maddison,Leicester,3.0,1381.0,58.0,3.0,5.95,1.6201117318435754,9.639664804469273,48.19832402234637,5.0,2.84,1.6923076923076923,4.806153846153846,0.20986,2.8981666,19.224615384615383,97.94110600696175
184029.0,Ødegaard,Arsenal,3.0,1880.0,111.0,8.0,5.17,1.4743589743589745,7.6224358974358974,38.11217948717949,3.0,4.05,0.8496732026143791,3.4411764705882355,0.35494,6.672872,13.764705882352942,96.14975736953242
223340.0,Saka,Arsenal,3.0,1829.0,111.0,8.0,5.85,1.0317460317460316,6.035714285714286,30.178571428571427,5.0,3.6,1.2280701754385965,4.421052631578948,0.34792,6.3634568,17.68421052631579,90.80623875488722
178301.0,Watkins,Aston Villa,4.0,1868.0,123.0,12.0,11.29,0.9511568123393316,10.738560411311054,42.95424164524422,5.0,1.05,1.5476190476190477,1.625,0.29644,0.0,6.5,86.81424164524421
451340.0,Mitoma,Brighton,3.0,1823.0,106.0,5.0,7.35,0.8536585365853658,6.274390243902439,31.371951219512194,7.0,3.1,1.0638297872340425,3.297872340425532,0.28708,5.2334684,13.191489361702128,86.25690898121432
221399.0,Harrison,Leeds,3.0,1707.0,86.0,4.0,4.09,1.4482758620689655,5.923448275862069,29.617241379310343,4.0,3.18,1.3333333333333333,4.24,0.22624,3.8619168,16.96,84.57915817931034
178186.0,Bowen,West Ham,3.0,1711.0,92.0,4.0,4.3,0.9578544061302682,4.118773946360153,20.593869731800766,7.0,4.13,1.4598540145985401,6.02919708029197,0.29878,5.1121258,24.11678832116788,84.04278385296865
60307.0,Groß,Brighton,3.0,1868.0,82.0,4.0,2.35,1.2359550561797752,2.904494382022472,14.52247191011236,5.0,5.78,1.092896174863388,6.316939890710382,0.2941,5.493788,25.26775956284153,82.64401947295389
443661.0,Olise,Crystal Palace,3.0,1824.0,81.0,1.0,1.81,0.9302325581395349,1.6837209302325582,8.418604651162791,7.0,4.93,1.6,7.888,0.32686,5.9619264,31.552,82.41253105116279
201666.0,Barnes,Leicester,3.0,1463.0,73.0,7.0,5.33,1.3725490196078431,7.315686274509804,36.57843137254902,2.0,1.58,2.112676056338028,3.3380281690140845,0.21454,3.1387202,13.352112676056338,82.32926424860536
232413.0,Eze,Crystal Palace,3.0,1359.0,90.0,7.0,5.04,1.5555555555555556,7.84,39.2,2.0,1.43,1.746031746031746,2.496825396825397,0.34792,4.7282328,9.987301587301587,81.09553438730158
444145.0,Martinelli,Arsenal,3.0,1429.0,103.0,8.0,5.39,1.1111111111111112,5.988888888888889,29.944444444444443,4.0,4.1,1.0434782608695652,4.278260869565218,0.33622,4.8045838,17.11304347826087,80.44207172270531
169187.0,Alexander-Arnold,Liverpool,2.0,1771.0,106.0,1.0,1.17,0.8823529411764706,1.0323529411764707,6.194117647058824,9.0,6.09,0.9395973154362416,5.722147651006711,0.29878,21.1655752,22.888590604026845,80.37688965108566
75115.0,Wilson,Newcastle,4.0,1058.0,102.0,12.0,10.27,1.013986013986014,10.413636363636364,41.654545454545456,3.0,1.53,2.7777777777777777,4.25,0.36196,0.0,17.0,79.81454545454545
77794.0,Trippier,Newcastle,2.0,1838.0,82.0,0.0,0.4,2.5,1.0,6.0,4.0,7.07,0.5737704918032787,4.05655737704918,0.36898,27.1274096,16.22622950819672,79.33178670819672
232653.0,Ramsey,Aston Villa,3.0,1614.0,88.0,4.0,3.96,1.2765957446808511,5.05531914893617,25.27659574468085,5.0,2.33,1.8181818181818181,4.236363636363636,0.28708,4.6334712,16.945454545454545,79.1355214901354
144485.0,Toney,Brentford,4.0,1513.0,82.0,8.0,9.15,1.0447761194029852,9.559701492537314,38.23880597014926,1.0,2.32,1.0975609756097562,2.546341463414634,0.29878,0.0,10.185365853658537,78.68417182380779
230046.0,Douglas Luiz,Aston Villa,3.0,1906.0,100.0,5.0,2.55,1.4545454545454546,3.709090909090909,18.545454545454543,4.0,2.04,1.9298245614035088,3.936842105263158,0.30112,5.7393472,15.747368421052633,78.15217016650718
243298.0,Gakpo,Liverpool,3.0,1455.0,90.0,7.0,6.43,1.1111111111111112,7.144444444444444,35.72222222222222,3.0,1.87,1.1111111111111112,2.077777777777778,0.32686,4.755813,8.311111111111112,77.88914633333333
103025.0,Mahrez,Man City,3.0,1368.0,90.0,4.0,3.63,1.2658227848101267,4.59493670886076,22.974683544303797,9.0,3.67,1.4383561643835616,5.278767123287671,0.40876,5.5918368,21.115068493150684,77.04158883745448
61366.0,De Bruyne,Man City,3.0,1103.0,90.0,4.0,2.43,1.4444444444444444,3.51,17.55,8.0,6.11,1.3043478260869565,7.969565217391304,0.43684,4.8183452,31.878260869565217,76.30660606956522
226597.0,Gabriel,Arsenal,2.0,1969.0,72.0,1.0,2.31,1.0638297872340425,2.4574468085106385,14.74468085106383,0.0,0.4,0.0,0.0,0.3526,27.770776,0.0,74.95276285106382
59859.0,Gündogan,Man City,3.0,1368.0,84.0,6.0,5.26,1.238938053097345,6.516814159292036,32.584070796460175,4.0,2.45,0.8849557522123894,2.168141592920354,0.42748,5.8479264,8.672566371681416,74.46456356814159
446008.0,Mbeumo,Brentford,4.0,1647.0,103.0,6.0,5.75,0.632183908045977,3.6350574712643677,14.540229885057471,8.0,3.72,1.7857142857142858,6.642857142857143,0.3058,0.0,26.571428571428573,74.05165845648604
222531.0,Gibbs-White,Nottingham Forest,3.0,1936.0,90.0,3.0,3.8,0.6349206349206349,2.4126984126984126,12.063492063492063,9.0,3.81,1.1940298507462688,4.549253731343284,0.2239,4.334704,18.197014925373136,73.3152109888652
243016.0,Mac Allister,Brighton,3.0,1626.0,78.0,5.0,8.46,0.6611570247933884,5.593388429752066,27.96694214876033,2.0,3.14,0.5952380952380952,1.869047619047619,0.31516,5.1245016,7.476190476190476,73.0876342249508
84450.0,Xhaka,Arsenal,3.0,1646.0,84.0,4.0,3.1,1.3432835820895521,4.164179104477612,20.82089552238806,4.0,2.24,1.4473684210526316,3.2421052631578946,0.3526,5.803796,12.968421052631578,72.51311257501963
204214.0,Estupiñán,Brighton,2.0,1865.0,102.0,1.0,1.66,0.625,1.0375,6.225,5.0,2.47,1.25,3.0875,0.2824,21.06704,12.35,71.67528
119471.0,Schär,Newcastle,2.0,1783.0,60.0,0.0,3.22,0.43478260869565216,1.4,8.4,3.0,1.06,1.6666666666666667,1.7666666666666666,0.36898,26.3156536,7.066666666666666,70.86340686666666
51927.0,Mee,Brentford,2.0,1881.0,79.0,1.0,1.95,1.038961038961039,2.025974025974026,12.155844155844155,1.0,0.37,2.0,0.74,0.31282,23.5365768,2.96,70.38827675584416
122798.0,Robertson,Liverpool,2.0,1569.0,68.0,0.0,0.86,1.0256410256410255,0.882051282051282,5.292307692307692,3.0,3.29,1.404494382022472,4.620786516853933,0.31048,19.4857248,18.48314606741573,69.76974735972343
231065.0,Pinnock,Brentford,2.0,1890.0,88.0,3.0,2.31,0.975609756097561,2.2536585365853656,13.521951219512195,0.0,0.68,0.45454545454545453,0.3090909090909091,0.29644,22.410864,1.2363636363636363,69.36646285587584
114283.0,Grealish,Man City,3.0,1347.0,83.0,4.0,2.78,0.9655172413793104,2.6841379310344826,13.420689655172414,7.0,4.93,1.1363636363636365,5.6022727272727275,0.46258,6.2309526,22.40909090909091,69.00073316426332
154566.0,Solanke,Bournemouth,4.0,1610.0,70.0,3.0,6.33,0.6521739130434783,4.128260869565217,16.51304347826087,5.0,1.47,3.1818181818181817,4.677272727272727,0.23092,0.0,18.709090909090907,67.42213438735178
195546.0,Buendía,Aston Villa,3.0,1599.0,85.0,4.0,3.63,0.9473684210526315,3.4389473684210525,17.194736842105264,3.0,3.03,1.038961038961039,3.148051948051948,0.28942,4.6278258,12.592207792207793,66.39477043431306
433154.0,McNeil,Everton,3.0,1709.0,88.0,5.0,2.9,1.3636363636363635,3.9545454545454546,19.772727272727273,4.0,4.08,0.5454545454545454,2.2254545454545456,0.1771,3.026639,8.901818181818182,65.88118445454545
209036.0,Guéhi,Crystal Palace,2.0,1980.0,60.0,1.0,1.16,0.7692307692307693,0.8923076923076924,5.3538461538461535,0.0,0.71,0.7692307692307693,0.5461538461538461,0.31516,24.960672,2.1846153846153844,65.85896553846153
149484.0,Mings,Aston Villa,2.0,1890.0,95.0,1.0,0.94,0.8333333333333334,0.7833333333333333,4.7,2.0,0.4,3.888888888888889,1.5555555555555556,0.2941,22.23396,6.222222222222222,65.39769222222222
208706.0,Bruno Guimarães,Newcastle,3.0,1554.0,47.0,1.0,1.95,1.5517241379310345,3.0258620689655173,15.129310344827587,2.0,2.73,1.1764705882352942,3.211764705882353,0.38068,5.9157672,12.847058823529412,64.972136368357
219847.0,Havertz,Chelsea,4.0,1594.0,53.0,3.0,7.99,0.728744939271255,5.822672064777328,23.290688259109313,0.0,1.97,1.1666666666666667,2.2983333333333333,0.29644,0.0,9.193333333333333,64.36402159244264
242898.0,Johnson,Nottingham Forest,4.0,1654.0,82.0,6.0,4.95,1.0769230769230769,5.3307692307692305,21.323076923076922,4.0,1.39,1.7647058823529411,2.4529411764705884,0.2239,0.0,9.811764705882354,64.21484162895928
198869.0,White,Arsenal,2.0,1755.0,87.0,2.0,0.94,0.7142857142857143,0.6714285714285714,4.0285714285714285,3.0,1.9,0.847457627118644,1.6101694915254237,0.3526,24.75252,6.440677966101695,64.13363939467312
109345.0,March,Brighton,3.0,1345.0,89.0,5.0,4.31,0.8333333333333334,3.591666666666667,17.958333333333332,5.0,3.67,0.9090909090909091,3.3363636363636364,0.31984,4.301848,13.345454545454546,62.50563587878788
200089.0,Willock,Newcastle,3.0,1297.0,61.0,1.0,4.29,0.9923664122137404,4.257251908396946,21.286259541984734,5.0,2.21,1.1320754716981132,2.5018867924528303,0.36664,4.7553208,10.007547169811321,61.989127511796056
153133.0,Iwobi,Everton,3.0,1867.0,64.0,1.0,1.53,0.9803921568627451,1.5,7.5,3.0,2.66,1.25,3.325,0.19582,3.6559594,13.3,61.7959594
168991.0,Billing,Bournemouth,3.0,1531.0,64.0,3.0,3.31,1.4583333333333333,4.827083333333333,24.135416666666668,1.0,1.8,0.4,0.72,0.23326,3.5712106,2.88,61.206627266666665
66588.0,Ayling,Leeds,2.0,1800.0,45.0,2.0,2.77,0.6666666666666666,1.8466666666666667,11.08,0.0,1.99,0.4918032786885246,0.978688524590164,0.1771,12.7512,3.914754098360656,60.55815409836065
220566.0,Rodri,Man City,3.0,1609.0,60.0,1.0,2.16,1.2345679012345678,2.6666666666666665,13.333333333333334,3.0,1.53,1.3157894736842104,2.013157894736842,0.42748,6.8781532,8.052631578947368,60.4441181122807
244723.0,Mitchell,Crystal Palace,2.0,1881.0,60.0,0.0,0.52,0.5555555555555556,0.28888888888888886,1.7333333333333334,0.0,0.6,1.7857142857142858,1.0714285714285714,0.29644,22.3041456,4.285714285714286,60.36715681904762
441164.0,Pedro Porro,Spurs,2.0,1132.0,59.0,3.0,1.81,1.5789473684210527,2.857894736842105,17.147368421052633,3.0,2.29,1.3043478260869565,2.9869565217391303,0.24964,11.3036992,11.947826086956521,60.21296890800915
106760.0,Shaw,Man Utd,2.0,1589.0,77.0,1.0,0.92,1.4285714285714286,1.3142857142857143,7.885714285714286,2.0,1.67,0.9009009009009009,1.5045045045045045,0.29878,18.9904568,6.018018018018018,59.9265749037323
218218.0,Faes,Leicester,2.0,1796.0,42.0,1.0,0.86,0.7692307692307693,0.6615384615384615,3.9692307692307693,2.0,0.43,5.0,2.15,0.2122,15.244448,8.6,59.92256676923077
194010.0,Henry,Brentford,2.0,1714.0,65.0,0.0,1.25,1.0,1.25,7.5,2.0,1.73,0.40816326530612246,0.7061224489795919,0.2941,20.163496,2.8244897959183675,59.72711179591837
83299.0,Dunk,Brighton,2.0,1800.0,68.0,1.0,0.89,1.320754716981132,1.1754716981132076,7.052830188679246,0.0,0.73,0.0,0.0,0.30814,22.18608,0.0,59.69239018867925
172841.0,Benrahma,West Ham,3.0,1134.0,63.0,3.0,3.77,0.9821428571428571,3.7026785714285713,18.513392857142858,2.0,2.28,1.6666666666666667,3.8000000000000003,0.27538,3.1228092,15.200000000000001,59.516202057142856
445044.0,Kulusevski,Spurs,3.0,1363.0,53.0,1.0,1.69,1.3725490196078431,2.3196078431372547,11.598039215686274,2.0,2.03,2.027027027027027,4.114864864864865,0.30112,4.1042656,16.45945945945946,59.42176427514573
199798.0,Konsa,Aston Villa,2.0,1971.0,76.0,0.0,0.62,0.7692307692307693,0.47692307692307695,2.8615384615384616,0.0,0.33,0.0,0.0,0.28942,22.8178728,0.0,59.39494306153846
166477.0,Castagne,Leicester,2.0,1884.0,47.0,1.0,0.66,1.2195121951219512,0.8048780487804877,4.829268292682927,2.0,0.72,1.5789473684210527,1.1368421052631579,0.21688,16.3440768,4.5473684210526315,59.31469431373556
171317.0,Neves,Wolves,3.0,1580.0,59.0,2.0,2.67,1.4754098360655739,3.939344262295082,19.69672131147541,2.0,1.12,0.8163265306122449,0.9142857142857143,0.25198,3.981284,3.657142857142857,58.93514816861827
132015.0,Højbjerg,Spurs,3.0,1797.0,52.0,0.0,0.79,1.6326530612244898,1.2897959183673469,6.448979591836735,3.0,1.65,1.6417910447761195,2.708955223880597,0.30814,5.5372758,10.835820895522389,58.76207628735912
78916.0,Burn,Newcastle,2.0,1705.0,63.0,1.0,1.16,0.5263157894736842,0.6105263157894737,3.663157894736842,0.0,1.09,0.5263157894736842,0.5736842105263158,0.3643,24.84526,2.294736842105263,58.691839736842105
220237.0,Botman,Newcastle,2.0,1890.0,62.0,0.0,2.04,0.0,0.0,0.0,1.0,0.17,0.0,0.0,0.35494,26.833464,0.0,57.925098
219168.0,Isak,Newcastle,4.0,1277.0,82.0,8.0,5.9,1.1764705882352942,6.9411764705882355,27.764705882352942,2.0,1.27,0.9090909090909091,1.1545454545454545,0.35026,0.0,4.618181818181818,57.92288770053476
97032.0,Van Dijk,Liverpool,2.0,1395.0,69.0,1.0,1.46,1.4893617021276595,2.174468085106383,13.046808510638298,1.0,0.64,1.4285714285714286,0.9142857142857143,0.30346,16.933068,3.657142857142857,57.30375236778116
17761.0,Tarkowski,Everton,2.0,1890.0,61.0,1.0,2.15,0.3448275862068966,0.7413793103448276,4.448275862068965,1.0,0.97,0.9375,0.909375,0.19348,14.627088,3.6375,56.856091862068965
167074.0,Tete,Fulham,2.0,1681.0,59.0,1.0,0.46,1.4285714285714286,0.6571428571428571,3.942857142857143,1.0,1.07,1.8181818181818181,1.9454545454545455,0.22624,15.2123776,7.781818181818182,56.753958524675326
47431.0,Willian,Fulham,3.0,1393.0,80.0,4.0,1.46,1.0714285714285714,1.5642857142857143,7.821428571428571,5.0,2.3,1.8518518518518519,4.2592592592592595,0.26836,3.7382548,17.037037037037038,56.45672040846561
121599.0,A.Doucouré,Everton,3.0,1337.0,66.0,5.0,2.49,1.3432835820895521,3.344776119402985,16.723880597014926,2.0,1.46,1.836734693877551,2.6816326530612247,0.16774,2.2426838,10.726530612244899,56.43309500925982
180974.0,Joelinton,Newcastle,3.0,1421.0,63.0,4.0,4.56,0.8609271523178808,3.9258278145695362,19.629139072847682,2.0,0.56,1.3333333333333333,0.7466666666666667,0.35494,5.0436974,2.986666666666667,56.07950313951435
80146.0,J.Ayew,Crystal Palace,3.0,1644.0,64.0,3.0,1.93,0.975609756097561,1.8829268292682926,9.414634146341463,2.0,1.49,1.5,2.235,0.28942,4.7580648,8.94,55.99269894634146
172850.0,Chilwell,Chelsea,2.0,987.0,38.0,1.0,1.26,1.6666666666666667,2.1,12.6,1.0,2.29,1.4285714285714286,3.2714285714285714,0.33622,13.2739656,13.085714285714285,55.38118848571428
224024.0,Paquetá,West Ham,3.0,1395.0,71.0,4.0,2.97,0.8823529411764706,2.6205882352941177,13.102941176470589,3.0,2.0,1.3043478260869565,2.608695652173913,0.28006,3.906837,10.434782608695652,55.34456078516624
207283.0,Jensen,Brentford,3.0,1554.0,81.0,4.0,1.67,1.0204081632653061,1.7040816326530612,8.520408163265307,3.0,2.94,0.8974358974358975,2.6384615384615384,0.3058,4.752132,10.553846153846154,54.90638631711146
221632.0,Romero,Spurs,2.0,1706.0,45.0,0.0,0.82,0.5263157894736842,0.43157894736842106,2.5894736842105264,2.0,0.62,1.0,0.62,0.3058,20.867792,2.48,54.840317684210525
204480.0,Rice,West Ham,3.0,1742.0,67.0,3.0,0.98,1.5384615384615385,1.5076923076923077,7.538461538461538,1.0,1.13,1.4285714285714286,1.6142857142857143,0.29878,5.2047476,6.457142857142857,54.0403519956044
216646.0,Wissa,Brentford,3.0,911.0,64.0,4.0,2.93,1.627906976744186,4.769767441860465,23.848837209302324,2.0,0.9,2.5,2.25,0.32218,2.9350598,9.0,54.00389700930233
206325.0,Zinchenko,Arsenal,2.0,1486.0,61.0,1.0,0.8,0.4,0.32,1.92,1.0,1.6,1.0714285714285714,1.7142857142857142,0.34558,20.5412752,6.857142857142857,53.903099257142856
214048.0,Kilman,Wolves,2.0,1777.0,65.0,0.0,0.74,0.29411764705882354,0.21764705882352942,1.3058823529411765,1.0,0.36,1.6666666666666667,0.6,0.24964,17.7444112,2.4,52.554190752941174
210494.0,Aguerd,West Ham,2.0,1519.0,56.0,2.0,2.17,0.8695652173913043,1.8869565217391304,11.321739130434782,0.0,0.12,0.0,0.0,0.2356,14.315056,0.0,52.43803113043478
173515.0,Iheanacho,Leicester,4.0,864.0,62.0,4.0,5.26,1.1627906976744187,6.116279069767442,24.46511627906977,4.0,1.37,1.9047619047619049,2.6095238095238096,0.18412,0.0,10.438095238095238,52.183211517165006
487117.0,Ferguson,Brighton,4.0,905.0,59.0,5.0,5.12,1.1320754716981132,5.796226415094339,23.184905660377357,2.0,0.54,5.0,2.7,0.30814,0.0,10.8,52.08490566037736
45034.0,Perišić,Spurs,2.0,1182.0,48.0,1.0,1.54,0.37037037037037035,0.5703703703703704,3.422222222222222,4.0,2.47,1.5384615384615385,3.8000000000000003,0.2707,12.798696,15.200000000000001,51.861244222222226
61256.0,Casemiro,Man Utd,3.0,1234.0,47.0,3.0,2.75,1.1428571428571428,3.142857142857143,15.714285714285715,1.0,2.3,0.7692307692307693,1.7692307692307692,0.31984,3.9468256,7.076923076923077,51.41803439120879
106468.0,Álex Moreno,Aston Villa,2.0,1325.0,72.0,0.0,0.59,0.0,0.0,0.0,3.0,2.57,1.1538461538461537,2.965384615384615,0.32686,17.32358,11.86153846153846,51.35422346153846
122806.0,McGinn,Aston Villa,3.0,1547.0,60.0,1.0,1.16,1.129032258064516,1.3096774193548386,6.548387096774193,4.0,1.87,1.2,2.244,0.31516,4.8755252,8.976,51.339912296774195
502697.0,Alcaraz,Southampton,3.0,1024.0,55.0,4.0,1.76,2.2222222222222223,3.911111111111111,19.555555555555557,2.0,0.71,3.3333333333333335,2.3666666666666667,0.13966,1.4301184,9.466666666666667,50.93234062222222
194634.0,Diogo Jota,Liverpool,4.0,930.0,72.0,7.0,5.62,1.0652920962199313,5.986941580756014,23.947766323024055,3.0,1.44,1.4285714285714286,2.0571428571428574,0.27772,0.0,8.22857142857143,50.776337751595484
152551.0,Lerma,Bournemouth,3.0,1722.0,56.0,3.0,1.35,1.8518518518518519,2.5,12.5,0.0,1.98,0.0,0.0,0.21688,3.7346736,0.0,50.6746736
211975.0,Akanji,Man City,2.0,1403.0,48.0,0.0,0.63,0.0,0.0,0.0,0.0,0.8,1.6666666666666667,1.3333333333333333,0.40876,22.9396112,5.333333333333333,50.59804173333333
126184.0,Aké,Man City,2.0,1121.0,62.0,1.0,1.44,1.6,2.304,13.824,0.0,0.93,0.0,0.0,0.42514,19.0632776,0.0,50.5414582
153366.0,Reed,Fulham,3.0,1540.0,58.0,1.0,0.95,1.5,1.425,7.125,3.0,1.23,1.875,2.30625,0.21454,3.303916,9.225,50.453916
461358.0,Álvarez,Man City,4.0,1091.0,70.0,6.0,5.44,1.3114754098360657,7.134426229508197,28.537704918032787,3.0,1.26,0.0,0.0,0.35962,0.0,0.0,50.35770491803279
486672.0,Caicedo,Brighton,3.0,1802.0,45.0,0.0,0.77,0.8695652173913043,0.6695652173913044,3.347826086956522,1.0,1.52,0.9090909090909091,1.3818181818181818,0.30112,5.4261824,5.527272727272727,50.34128121422925
156689.0,Andreas,Fulham,3.0,1282.0,54.0,2.0,4.12,0.45454545454545453,1.8727272727272728,9.363636363636363,4.0,2.03,1.5,3.045,0.23794,3.0503908,12.18,50.23402716363636
200402.0,Semedo,Wolves,2.0,1804.0,55.0,0.0,0.48,0.35714285714285715,0.17142857142857143,1.0285714285714285,0.0,0.56,0.6818181818181818,0.38181818181818183,0.20986,15.1434976,1.5272727272727273,49.99346735584415
169528.0,Robinson,Fulham,2.0,1800.0,60.0,0.0,0.05,0.0,0.0,0.0,2.0,0.93,0.3225806451612903,0.3,0.23326,16.79472,1.2,49.79604
174874.0,Andersen,Crystal Palace,2.0,1432.0,35.0,0.0,0.87,0.5555555555555556,0.48333333333333334,2.9,0.0,0.71,1.2903225806451613,0.9161290322580645,0.33622,19.2586816,3.664516129032258,49.648527329032255
209244.0,Foden,Man City,3.0,907.0,64.0,4.0,2.01,1.4146341463414633,2.8434146341463413,14.217073170731707,3.0,2.67,1.2598425196850394,3.363779527559055,0.40642,3.6862294,13.45511811023622,49.498420680967925
58621.0,Walker,Man City,2.0,1393.0,46.0,0.0,0.07,1.6666666666666667,0.11666666666666667,0.7000000000000001,0.0,1.1,1.0,1.1,0.39472,21.9937984,4.4,49.4553488
60232.0,Dawson,Wolves,2.0,1504.0,60.0,1.0,1.04,0.9836065573770492,1.022950819672131,6.137704918032787,0.0,0.15,1.5384615384615385,0.23076923076923078,0.25666,15.4406656,0.9230769230769231,48.72128104110971
205651.0,Jesus,Arsenal,4.0,844.0,56.0,6.0,6.33,0.8414239482200647,5.326213592233009,21.304854368932038,1.0,1.18,2.1951219512195124,2.5902439024390245,0.37366,0.0,10.360975609756098,48.54582997868814
106611.0,Keane,Everton,2.0,961.0,38.0,1.0,1.29,1.8918918918918919,2.4405405405405407,14.643243243243242,2.0,0.83,3.5714285714285716,2.9642857142857144,0.0952,3.659488,11.857142857142858,48.4650021003861
84939.0,Ings,West Ham,4.0,856.0,50.0,3.0,4.01,1.1,4.411,17.644,2.0,0.88,3.870967741935484,3.4064516129032256,0.259,0.0,13.625806451612902,48.389806451612905
115556.0,Davies,Spurs,2.0,1289.0,50.0,0.0,0.47,0.9090909090909091,0.42727272727272725,2.5636363636363635,2.0,0.83,1.7391304347826086,1.4434782608695653,0.3643,18.783308,5.773913043478261,48.20503040711463
106617.0,Bamford,Leeds,4.0,1085.0,53.0,4.0,4.4,0.7894736842105263,3.473684210526316,13.894736842105264,3.0,0.68,4.583333333333333,3.1166666666666667,0.21922,0.0,12.466666666666667,48.06140350877193
80226.0,Aurier,Nottingham Forest,2.0,1340.0,47.0,1.0,0.74,1.6666666666666667,1.2333333333333334,7.4,0.0,0.72,1.25,0.9,0.25198,13.506128,3.6,47.929596000000004
438464.0,C.Doucouré,Crystal Palace,3.0,1634.0,44.0,0.0,0.91,0.0,0.0,0.0,2.0,0.76,3.3333333333333335,2.533333333333333,0.30346,4.9585364,10.133333333333333,47.77186973333333
533463.0,Ouattara,Bournemouth,3.0,1239.0,49.0,1.0,3.52,0.2857142857142857,1.0057142857142858,5.0285714285714285,3.0,1.68,2.3076923076923075,3.876923076923077,0.17008,2.1072912,15.507692307692308,47.423554936263734
221466.0,Senesi,Bournemouth,2.0,1371.0,46.0,2.0,1.52,1.25,1.9,11.4,0.0,0.2,0.0,0.0,0.20752,11.3803968,0.0,47.3552976
233420.0,Renan Lodi,Nottingham Forest,2.0,1647.0,47.0,0.0,0.53,0.0,0.0,0.0,2.0,1.06,0.8333333333333334,0.8833333333333333,0.21688,14.2880544,3.533333333333333,47.18937413333333
513046.0,Danilo,Nottingham Forest,3.0,976.0,48.0,3.0,1.58,2.142857142857143,3.3857142857142857,16.92857142857143,2.0,0.56,4.0,2.24,0.17242,1.6828192,8.96,47.09139062857143
179018.0,Almirón,Newcastle,3.0,1067.0,54.0,2.0,2.87,1.25,3.5875,17.9375,2.0,1.6,0.5882352941176471,0.9411764705882353,0.36898,3.9370166,3.764705882352941,46.97922248235294
209243.0,Sancho,Man Utd,3.0,969.0,65.0,4.0,2.4,1.1688311688311688,2.8051948051948052,14.025974025974026,2.0,3.19,0.8,2.552,0.29878,2.8951782,10.208,46.50915222597403
467169.0,Antony,Man Utd,3.0,1157.0,48.0,1.0,4.13,0.6153846153846154,2.5415384615384617,12.707692307692307,2.0,1.9,0.9090909090909091,1.7272727272727273,0.31282,3.6193274,6.909090909090909,46.376110616783215
214590.0,Wan-Bissaka,Man Utd,2.0,1248.0,51.0,0.0,1.19,0.8,0.952,5.712,0.0,0.75,1.1111111111111112,0.8333333333333334,0.3292,16.433664,3.3333333333333335,46.330581333333335
193645.0,Koch,Leeds,2.0,1780.0,27.0,0.0,1.37,0.0,0.0,0.0,0.0,0.29,0.0,0.0,0.19114,13.609168,0.0,45.806876
86417.0,Schlupp,Crystal Palace,3.0,1263.0,57.0,3.0,1.99,1.0975609756097562,2.1841463414634146,10.920731707317072,2.0,0.75,1.9230769230769231,1.4423076923076923,0.30112,3.8031456,5.769230769230769,45.75310807654784
215711.0,Bailey,Aston Villa,3.0,1054.0,50.0,1.0,2.99,0.746268656716418,2.2313432835820897,11.156716417910447,3.0,2.52,1.0909090909090908,2.749090909090909,0.23326,2.4585604,10.996363636363636,45.691640454274086
51090.0,Thiago Silva,Chelsea,2.0,1188.0,36.0,0.0,1.08,1.2195121951219512,1.3170731707317074,7.902439024390244,0.0,0.7,1.1764705882352942,0.8235294117647058,0.29878,14.1980256,3.2941176470588234,45.60507587144907
171101.0,Lenglet,Spurs,2.0,1358.0,45.0,0.0,0.37,0.0,0.0,0.0,0.0,0.25,5.0,1.25,0.31282,16.9923824,5.0,44.9042868
93264.0,Dier,Spurs,2.0,1442.0,45.0,0.0,0.97,0.4878048780487805,0.47317073170731705,2.8390243902439023,1.0,0.22,0.7142857142857143,0.15714285714285714,0.28708,16.5587744,0.6285714285714286,44.72667661881533
158534.0,Walker-Peters,Southampton,2.0,1517.0,30.0,0.0,0.38,0.6896551724137931,0.2620689655172414,1.5724137931034483,0.0,1.36,0.6557377049180327,0.8918032786885246,0.20284,12.3083312,3.5672131147540984,44.71087530785755
20467.0,Walcott,Southampton,3.0,1011.0,46.0,2.0,2.39,0.9803921568627451,2.343137254901961,11.715686274509803,2.0,1.51,1.7857142857142858,2.6964285714285716,0.14668,1.4829348,10.785714285714286,44.20433536022409
448047.0,Enzo,Chelsea,3.0,1547.0,42.0,0.0,0.78,0.0,0.0,0.0,2.0,2.64,0.8,2.112,0.2707,4.187729,8.448,43.575729
172632.0,Gray,Everton,3.0,1092.0,41.0,2.0,3.71,0.8433734939759037,3.1289156626506025,15.644578313253012,1.0,1.36,0.6756756756756757,0.918918918918919,0.21688,2.3683296,3.675675675675676,43.52858358892869
180135.0,S.Longstaff,Newcastle,3.0,1282.0,46.0,0.0,1.86,0.3448275862068966,0.6413793103448275,3.206896551724138,3.0,1.51,1.6216216216216215,2.4486486486486485,0.37834,4.8503188,9.794594594594594,43.49180994631873
116643.0,Fabinho,Liverpool,3.0,1582.0,43.0,0.0,0.47,0.9090909090909091,0.42727272727272725,2.1363636363636362,2.0,1.45,0.8333333333333334,1.2083333333333333,0.30112,4.7637184,4.833333333333333,43.37341536969697
111478.0,Veltman,Brighton,2.0,1147.0,51.0,1.0,1.19,0.8108108108108109,0.9648648648648649,5.789189189189189,0.0,0.45,1.0344827586206897,0.4655172413793104,0.34558,15.8552104,1.8620689655172415,42.482665954706434
171771.0,Bednarek,Southampton,2.0,1521.0,29.0,0.0,0.36,1.5625,0.5625,3.375,0.0,0.17,0.5882352941176471,0.1,0.17944,10.9171296,0.4,42.3828472
164555.0,Coufal,West Ham,2.0,1272.0,38.0,0.0,0.19,0.0,0.0,0.0,1.0,0.91,1.3953488372093024,1.2697674418604652,0.31048,15.7972224,5.079069767441861,42.36698656744186
167199.0,Partey,Arsenal,3.0,1358.0,41.0,1.0,1.33,0.819672131147541,1.0901639344262295,5.450819672131147,0.0,1.51,0.8333333333333334,1.2583333333333333,0.33622,4.5658676,5.033333333333333,42.21002060546448
215439.0,Soucek,West Ham,3.0,1419.0,54.0,1.0,1.49,0.9770114942528736,1.4557471264367816,7.278735632183908,3.0,0.53,1.1363636363636365,0.6022727272727273,0.28708,4.0736652,2.409090909090909,42.14149174127482
208912.0,Worrall,Nottingham Forest,2.0,1412.0,42.0,1.0,0.67,1.4285714285714286,0.9571428571428572,5.742857142857143,0.0,0.19,0.0,0.0,0.18646,10.5312608,0.0,41.881302742857144
235530.0,Kelly,Bournemouth,2.0,1410.0,36.0,0.0,0.07,0.0,0.0,0.0,0.0,0.33,2.5,0.825,0.24028,13.551792,3.3,41.663844
86129.0,Koulibaly,Chelsea,2.0,966.0,39.0,1.0,0.46,2.5,1.15,6.9,1.0,0.26,5.0,1.3,0.34792,13.4436288,5.2,41.5027216
492859.0,Gnonto,Leeds,4.0,1079.0,47.0,2.0,1.64,1.0,1.64,6.56,3.0,1.57,2.1052631578947367,3.305263157894737,0.21454,0.0,13.221052631578948,41.36105263157895
171314.0,Dias,Man City,2.0,1126.0,40.0,0.0,0.75,0.4838709677419355,0.3629032258064516,2.1774193548387095,0.0,0.22,2.5,0.55,0.42748,19.2536992,2.2,41.33769375483871
54469.0,Smith,Bournemouth,2.0,1455.0,34.0,0.0,0.09,0.0,0.0,0.0,0.0,0.74,0.7692307692307693,0.5692307692307692,0.2239,13.03098,2.276923076923077,41.15015807692308
204716.0,Konaté,Liverpool,2.0,1440.0,46.0,0.0,1.21,0.0,0.0,0.0,0.0,0.65,0.0,0.0,0.28006,16.131456,0.0,40.898592
116404.0,Felipe,Nottingham Forest,2.0,1417.0,25.0,0.0,1.2,0.0,0.0,0.0,1.0,1.15,1.4285714285714286,1.6428571428571428,0.13732,7.7832976,6.571428571428571,40.74890177142857
128295.0,Nørgaard,Brentford,3.0,1255.0,43.0,0.0,0.97,0.7272727272727273,0.7054545454545454,3.5272727272727273,4.0,1.15,1.75,2.0125,0.31048,3.896524,8.05,40.57379672727273
472713.0,Hickey,Brentford,2.0,1238.0,50.0,0.0,0.31,0.0,0.0,0.0,2.0,0.46,2.5,1.15,0.30112,14.9114624,4.6,40.5435968
205533.0,Nketiah,Arsenal,4.0,750.0,37.0,2.0,6.02,0.7746478873239436,4.663380281690141,18.653521126760563,2.0,1.09,1.5789473684210527,1.7210526315789474,0.32218,0.0,6.88421052631579,40.53773165307635
57531.0,Antonio,West Ham,4.0,1108.0,49.0,3.0,4.38,0.8389261744966443,3.674496644295302,14.697986577181208,2.0,0.37,2.388059701492537,0.8835820895522388,0.26836,0.0,3.5343283582089553,40.39231493539016
232787.0,Gallagher,Chelsea,3.0,1105.0,42.0,2.0,1.86,1.3829787234042552,2.5723404255319147,12.861702127659575,0.0,0.81,0.967741935483871,0.7838709677419354,0.20518,2.267239,3.1354838709677417,40.364424998627314
101668.0,Vardy,Leicester,4.0,976.0,39.0,2.0,4.62,0.8445945945945946,3.902027027027027,15.608108108108109,1.0,0.33,3.9473684210526314,1.3026315789473684,0.2122,0.0,5.2105263157894735,40.33863442389758
103955.0,Sterling,Chelsea,3.0,850.0,50.0,3.0,3.12,0.967741935483871,3.0193548387096776,15.096774193548388,2.0,1.2,1.1811023622047243,1.4173228346456692,0.29878,2.53963,5.669291338582677,40.30569553213106
514356.0,Lavia,Southampton,3.0,1662.0,41.0,0.0,0.21,3.3333333333333335,0.7,3.5,1.0,0.41,0.0,0.0,0.21454,3.5656548,0.0,40.3056548
18892.0,Young,Aston Villa,2.0,1215.0,51.0,0.0,0.29,1.4285714285714286,0.4142857142857143,2.4857142857142858,0.0,0.31,2.5,0.775,0.28006,13.610916,3.1,40.09390128571429
80801.0,Gueye,Everton,3.0,1680.0,40.0,0.0,0.71,0.0,0.0,0.0,0.0,0.39,2.0,0.78,0.2005,3.3684,3.12,40.0884
80954.0,Rodrigo,Leeds,3.0,890.0,45.0,4.0,2.43,1.5384615384615385,3.7384615384615385,18.692307692307693,1.0,0.66,0.6060606060606061,0.4,0.20752,1.846928,1.6,39.93923569230769
55494.0,Ward,Crystal Palace,2.0,1120.0,42.0,1.0,1.12,0.8333333333333334,0.9333333333333333,5.6,0.0,0.7,0.5263157894736842,0.3684210526315789,0.31048,13.909504,1.4736842105263157,39.905812210526314
128389.0,Mitrović,Fulham,4.0,817.0,31.0,4.0,5.92,0.8955223880597015,5.3014925373134325,21.20597014925373,0.0,0.44,1.2903225806451613,0.567741935483871,0.2356,0.0,2.270967741935484,39.81693789118921
447203.0,Darwin,Liverpool,4.0,906.0,49.0,4.0,5.59,0.743801652892562,4.157851239669421,16.631404958677685,2.0,1.14,1.0714285714285714,1.2214285714285713,0.25198,0.0,4.885714285714285,39.63711924439197
465351.0,Matheus,Wolves,3.0,1488.0,48.0,1.0,1.28,0.45454545454545453,0.5818181818181818,2.909090909090909,0.0,0.85,0.9090909090909091,0.7727272727272727,0.259,3.85392,3.090909090909091,39.61392
210156.0,Awoniyi,Nottingham Forest,4.0,829.0,61.0,7.0,3.27,1.5384615384615385,5.030769230769231,20.123076923076923,1.0,0.14,5.0,0.7,0.20986,0.0,2.8,39.503076923076925
153682.0,Wilson,Fulham,3.0,812.0,55.0,2.0,1.54,1.0526315789473684,1.6210526315789473,8.105263157894736,4.0,0.89,3.75,3.3375,0.19348,1.5710576,13.35,39.26632075789474
56979.0,Henderson,Liverpool,3.0,1250.0,46.0,0.0,0.78,0.7894736842105263,0.6157894736842106,3.0789473684210527,3.0,2.12,0.898876404494382,1.90561797752809,0.2824,3.53,7.62247191011236,39.231419278533416
241519.0,McKennie,Leeds,3.0,1434.0,31.0,0.0,0.78,0.0,0.0,0.0,1.0,0.56,3.3333333333333335,1.8666666666666667,0.19348,2.7745032,7.466666666666667,38.921169866666666
50175.0,Welbeck,Brighton,4.0,849.0,54.0,6.0,5.6,0.8256880733944955,4.623853211009174,18.495412844036696,1.0,0.5,1.7142857142857142,0.8571428571428571,0.30814,0.0,3.4285714285714284,38.90398427260813
114243.0,Murphy,Newcastle,3.0,738.0,46.0,3.0,2.65,0.9859154929577465,2.612676056338028,13.06338028169014,1.0,2.16,0.9459459459459459,2.0432432432432432,0.33388,2.4640344,8.172972972972973,38.460387654663116
97299.0,Stones,Man City,2.0,934.0,57.0,2.0,0.44,2.0,0.88,5.28,0.0,0.2,2.0,0.4,0.45556,17.0197216,1.6,38.3247912
165809.0,Bernardo,Man City,3.0,1043.0,41.0,2.0,0.8,1.2173913043478262,0.9739130434782609,4.869565217391305,0.0,1.49,1.4150943396226414,2.108490566037736,0.3877,4.043711,8.433962264150944,38.20723848154225
179519.0,Mangala,Nottingham Forest,3.0,1218.0,38.0,1.0,0.27,1.6666666666666667,0.45,2.25,1.0,0.66,3.3333333333333335,2.2,0.20752,2.5275936,8.8,37.9375936
462424.0,Saliba,Arsenal,2.0,990.0,40.0,0.0,0.02,2.2222222222222223,0.044444444444444446,0.26666666666666666,0.0,0.15,10.0,1.5,0.376,14.8896,6.0,37.233866666666664
82403.0,Zaha,Crystal Palace,3.0,962.0,26.0,1.0,1.6,1.6556291390728477,2.6490066225165565,13.245033112582782,0.0,1.07,0.4132231404958678,0.44214876033057854,0.30346,2.9192852,1.7685950413223142,37.172913353905095
90152.0,Varane,Man Utd,2.0,1062.0,34.0,0.0,0.72,0.7692307692307693,0.5538461538461539,3.3230769230769233,0.0,0.31,1.6666666666666667,0.5166666666666667,0.31048,13.1891904,2.066666666666667,36.52163638974359
474120.0,Enciso,Brighton,4.0,702.0,52.0,4.0,3.58,1.0256410256410255,3.6717948717948716,14.687179487179487,2.0,1.15,1.6666666666666667,1.9166666666666667,0.21922,0.0,7.666666666666667,36.393846153846155
82514.0,Ream,Fulham,2.0,1371.0,51.0,0.0,0.0,5.0,0.0,0.0,0.0,0.15,0.0,0.0,0.21688,11.8936992,0.0,36.3402744
91651.0,Kovacic,Chelsea,3.0,1069.0,33.0,1.0,1.46,0.7142857142857143,1.042857142857143,5.214285714285714,1.0,1.3,1.1764705882352942,1.5294117647058822,0.31282,3.3440458,6.117647058823529,36.05597857310924
504783.0,Kamaldeen,Southampton,3.0,959.0,45.0,2.0,1.76,1.1764705882352942,2.0705882352941174,10.352941176470589,1.0,1.01,1.1111111111111112,1.1222222222222222,0.20986,2.0125574,4.488888888888889,36.03438746535948
234370.0,Roca,Leeds,3.0,1149.0,34.0,0.0,1.23,0.5263157894736842,0.6473684210526316,3.236842105263158,2.0,2.1,0.9090909090909091,1.9090909090909092,0.18646,2.1424254,7.636363636363637,35.995631141626795
460028.0,Colwill,Brighton,2.0,936.0,41.0,0.0,1.23,0.0,0.0,0.0,2.0,0.27,10.0,2.7,0.22624,8.4704256,10.8,35.8728192
443967.0,Firpo,Leeds,2.0,1251.0,28.0,1.0,0.12,0.9090909090909091,0.10909090909090909,0.6545454545454545,2.0,0.74,1.5,1.11,0.14902,7.4569608,4.44,35.70726605454546
449871.0,Onana,Everton,3.0,1272.0,41.0,1.0,1.29,0.3333333333333333,0.43,2.15,1.0,0.85,1.5384615384615385,1.3076923076923077,0.20518,2.6098896,5.230769230769231,35.43065883076923
219924.0,Diop,Fulham,2.0,1232.0,45.0,0.0,0.0,3.75,0.0,0.0,0.0,0.39,1.1111111111111112,0.43333333333333335,0.23326,11.4950528,1.7333333333333334,34.99462293333333
80607.0,Eriksen,Man Utd,3.0,867.0,45.0,0.0,2.31,0.31746031746031744,0.7333333333333333,3.6666666666666665,4.0,1.35,1.9672131147540983,2.6557377049180326,0.34324,2.9758908,10.62295081967213,34.6055082863388
245824.0,Vinícius,Fulham,4.0,770.0,60.0,5.0,2.7,1.3333333333333333,3.6,14.4,2.0,0.45,2.5,1.125,0.13498,0.0,4.5,34.3
201057.0,Kehrer,West Ham,2.0,969.0,33.0,0.0,0.12,0.0,0.0,0.0,2.0,0.43,3.3333333333333335,1.4333333333333333,0.31282,12.1249032,5.733333333333333,34.207010733333334
220087.0,Wöber,Leeds,2.0,1264.0,25.0,0.0,0.77,0.0,0.0,0.0,0.0,0.37,0.0,0.0,0.23092,11.6753152,0.0,34.0364864
209042.0,Skipp,Spurs,3.0,1361.0,37.0,1.0,0.23,2.5,0.575,2.875,0.0,0.32,0.0,0.0,0.28942,3.9390062,0.0,34.0340062
450070.0,Summerville,Leeds,3.0,924.0,33.0,0.0,1.31,1.3333333333333333,1.7466666666666666,8.733333333333333,3.0,0.77,1.6666666666666667,1.2833333333333334,0.1771,1.636404,5.133333333333334,33.98307066666667
224209.0,Kristensen,Leeds,2.0,825.0,24.0,3.0,0.48,4.285714285714286,2.057142857142857,12.342857142857143,0.0,0.14,1.25,0.175,0.17242,5.68986,0.7,33.810252142857145
428399.0,João Félix,Chelsea,4.0,936.0,44.0,4.0,4.62,0.8163265306122449,3.7714285714285714,15.085714285714285,0.0,0.99,0.0,0.0,0.29176,0.0,0.0,33.80571428571429
184667.0,Lindelöf,Man Utd,2.0,1009.0,51.0,0.0,0.25,0.9090909090909091,0.22727272727272727,1.3636363636363635,0.0,0.38,2.0,0.76,0.30112,12.1532032,3.04,33.698538763636364
216051.0,Dalot,Man Utd,2.0,987.0,53.0,1.0,1.84,0.37037037037037035,0.6814814814814815,4.088888888888889,1.0,0.49,0.8333333333333334,0.4083333333333333,0.27538,10.8720024,1.6333333333333333,33.61622402222222
235674.0,Solomon,Fulham,3.0,536.0,43.0,4.0,1.21,3.6363636363636362,4.4,22.0,0.0,0.78,0.0,0.0,0.15136,0.8112896,0.0,33.5312896
109533.0,Emerson,West Ham,2.0,1033.0,32.0,1.0,0.61,1.4285714285714286,0.8714285714285714,5.228571428571429,0.0,0.59,0.0,0.0,0.23794,9.8316808,0.0,33.26233202857143
242880.0,Badiashile,Chelsea,2.0,904.0,40.0,1.0,1.26,0.8333333333333334,1.05,6.3,0.0,0.2,0.0,0.0,0.32218,11.6500288,0.0,33.1175216
96994.0,De Cordova-Reid,Fulham,3.0,1117.0,34.0,0.0,0.85,1.2328767123287672,1.047945205479452,5.239726027397261,0.0,0.66,1.0714285714285714,0.7071428571428571,0.2122,2.370274,2.8285714285714283,32.77857145596869
40669.0,Ogbonna,West Ham,2.0,1119.0,41.0,0.0,0.12,1.7391304347826086,0.20869565217391303,1.2521739130434784,0.0,0.01,0.0,0.0,0.26134,11.6975784,0.0,32.40535771304348
206915.0,Jones,Liverpool,3.0,860.0,47.0,3.0,0.98,1.3513513513513513,1.3243243243243243,6.621621621621622,1.0,1.1,1.3793103448275863,1.5172413793103448,0.29176,2.509136,6.068965517241379,32.399723138863
244560.0,Perraud,Southampton,2.0,914.0,29.0,0.0,0.33,1.3333333333333333,0.44,2.64,0.0,0.71,1.5,1.065,0.25666,9.3834896,4.26,32.2176172
60914.0,Matip,Liverpool,2.0,653.0,28.0,1.0,0.87,1.0416666666666667,0.90625,5.4375,0.0,0.87,2.2727272727272725,1.9772727272727273,0.29176,7.6207712,7.909090909090909,32.12216930909091
103192.0,Zouma,West Ham,2.0,804.0,41.0,1.0,0.91,1.4545454545454546,1.3236363636363635,7.941818181818181,1.0,0.05,0.0,0.0,0.31516,10.1355456,0.0,31.62347738181818
109646.0,Tosin,Fulham,2.0,1183.0,27.0,0.0,0.58,0.5555555555555556,0.32222222222222224,1.9333333333333333,0.0,0.4,0.0,0.0,0.1654,7.826728,0.0,31.463379333333332
224967.0,Mykolenko,Everton,2.0,1190.0,29.0,0.0,0.14,1.25,0.175,1.05,0.0,0.42,0.0,0.0,0.18412,8.764112,0.0,31.423084
177815.0,Calvert-Lewin,Everton,4.0,760.0,23.0,1.0,4.41,0.7874015748031497,3.47244094488189,13.88976377952756,1.0,0.57,0.8571428571428571,0.48857142857142855,0.19114,0.0,1.9542857142857142,31.044049493813272
199670.0,Edouard,Crystal Palace,4.0,1009.0,42.0,2.0,1.75,1.0204081632653061,1.7857142857142856,7.142857142857142,0.0,0.37,2.5,0.925,0.32452,0.0,3.7,31.02285714285714
151086.0,Lemina,Wolves,3.0,1297.0,35.0,0.0,0.25,1.25,0.3125,1.5625,1.0,0.46,0.7692307692307693,0.35384615384615387,0.15838,2.0541886,1.4153846153846155,30.972073215384615
493105.0,Garnacho,Man Utd,3.0,404.0,30.0,2.0,2.29,1.0344827586206897,2.3689655172413793,11.844827586206897,2.0,0.85,2.857142857142857,2.4285714285714284,0.3058,1.235432,9.714285714285714,30.87454530049261
170137.0,Saint-Maximin,Newcastle,3.0,700.0,31.0,0.0,0.77,0.989010989010989,0.7615384615384615,3.8076923076923075,2.0,1.53,1.7283950617283952,2.6444444444444444,0.34558,2.41906,10.577777777777778,30.804530085470084
166989.0,Tielemans,Leicester,3.0,1055.0,30.0,0.0,0.53,1.5873015873015872,0.8412698412698413,4.2063492063492065,2.0,0.78,1.0101010101010102,0.7878787878787878,0.19816,2.090588,3.1515151515151514,30.548452357864356
204580.0,Janelt,Brentford,3.0,1092.0,38.0,1.0,0.49,1.5555555555555556,0.7622222222222222,3.8111111111111113,0.0,0.95,0.3225806451612903,0.3064516129032258,0.32686,3.5693112,1.2258064516129032,30.446228762724015
180736.0,Chalobah,Chelsea,2.0,879.0,25.0,0.0,0.47,1.6666666666666667,0.7833333333333333,4.7,0.0,0.25,2.5,0.625,0.20284,7.1318544,2.5,30.1288908
184754.0,Hwang,Wolves,3.0,651.0,41.0,3.0,2.52,1.095890410958904,2.761643835616438,13.808219178082192,1.0,0.3,1.1111111111111112,0.3333333333333333,0.29176,1.8993576,1.3333333333333333,30.060910111415524
158499.0,Christie,Bournemouth,3.0,1077.0,35.0,0.0,1.49,0.3448275862068966,0.5137931034482759,2.5689655172413794,2.0,1.43,0.5263157894736842,0.7526315789473684,0.25432,2.7390264,3.0105263157894737,29.858518233030853
221820.0,Martínez,Man Utd,2.0,909.0,43.0,1.0,0.38,1.6666666666666667,0.6333333333333333,3.8000000000000003,0.0,0.5,0.0,0.0,0.28474,10.3531464,0.0,29.7448598
241157.0,Emerson Royal,Spurs,2.0,831.0,59.0,2.0,0.61,1.0344827586206897,0.6310344827586207,3.7862068965517244,0.0,0.36,0.5714285714285714,0.2057142857142857,0.33856,11.2537344,0.8228571428571428,29.669364839408868
444463.0,W.Fofana,Chelsea,2.0,1002.0,33.0,1.0,0.61,0.47619047619047616,0.2904761904761905,1.7428571428571429,0.0,0.22,0.0,0.0,0.25432,10.1931456,0.0,29.427716342857142
59949.0,Coleman,Everton,2.0,1030.0,39.0,1.0,0.12,0.9523809523809523,0.11428571428571428,0.6857142857142857,0.0,0.57,1.0,0.57,0.18412,7.585744,2.28,29.255022285714286
85955.0,Jorginho,Arsenal,3.0,1135.0,38.0,0.0,0.21,0.0,0.0,0.0,2.0,0.61,0.9523809523809523,0.580952380952381,0.36898,4.187923,2.323809523809524,29.211732523809523
427637.0,Aaronson,Leeds,3.0,1003.0,36.0,0.0,1.88,0.23255813953488372,0.4372093023255814,2.186046511627907,1.0,1.08,1.2,1.296,0.1771,1.776313,5.184,29.206359511627905
450434.0,Undav,Brighton,4.0,520.0,44.0,5.0,4.32,1.0869565217391304,4.695652173913043,18.782608695652172,2.0,1.09,0.0,0.0,0.30112,0.0,0.0,29.182608695652174
217593.0,Fornals,West Ham,3.0,705.0,38.0,2.0,1.53,1.0769230769230769,1.6476923076923076,8.238461538461538,1.0,1.17,1.0666666666666667,1.248,0.25666,1.809453,4.992,29.13991453846154
57328.0,Clyne,Crystal Palace,2.0,902.0,25.0,0.0,0.0,0.0,0.0,0.0,0.0,0.5,1.8181818181818181,0.9090909090909091,0.27304,9.8512832,3.6363636363636362,29.064826036363637
225796.0,James,Chelsea,2.0,632.0,17.0,0.0,0.23,1.25,0.2875,1.725,1.0,1.7,1.0810810810810811,1.837837837837838,0.37132,9.3869696,7.351351351351352,28.756578551351353
226944.0,Kamara,Aston Villa,3.0,1021.0,28.0,0.0,0.1,0.0,0.0,0.0,1.0,0.76,2.0,1.52,0.21688,2.2143448,6.08,28.7143448
215413.0,Dewsbury-Hall,Leicester,3.0,991.0,21.0,0.0,0.69,0.8333333333333334,0.575,2.875,0.0,1.02,0.8695652173913043,0.8869565217391304,0.24262,2.4043642,3.5478260869565217,28.647190286956523
477386.0,Bella-Kotchap,Southampton,2.0,887.0,31.0,0.0,0.38,0.0,0.0,0.0,1.0,0.25,5.0,1.25,0.20752,7.3628096,5.0,28.2621072
55459.0,Cresswell,West Ham,2.0,814.0,35.0,0.0,0.11,0.8695652173913043,0.09565217391304348,0.5739130434782609,1.0,0.81,1.1650485436893203,0.9436893203883495,0.30112,9.8044672,3.774757281553398,27.98202072503166
444180.0,Anthony,Bournemouth,3.0,852.0,37.0,1.0,0.69,1.5789473684210527,1.0894736842105264,5.447368421052632,1.0,0.78,1.25,0.975,0.1654,1.409208,3.9,27.79657642105263
101582.0,Fred,Man Utd,3.0,794.0,33.0,0.0,0.75,1.4583333333333333,1.09375,5.46875,2.0,1.2,0.9523809523809523,1.1428571428571428,0.2356,1.870664,4.571428571428571,27.79084257142857
481510.0,Kristiansen,Leicester,2.0,891.0,16.0,0.0,0.12,0.0,0.0,0.0,1.0,0.6,2.0,1.2,0.18646,6.6454344,4.8,27.6040758
88900.0,Stephens,Bournemouth,2.0,1080.0,26.0,0.0,0.36,0.0,0.0,0.0,0.0,0.14,0.0,0.0,0.18412,7.953984,0.0,27.565488
201658.0,Tavernier,Bournemouth,3.0,457.0,33.0,3.0,1.49,1.7241379310344829,2.5689655172413794,12.844827586206897,0.0,0.36,3.076923076923077,1.1076923076923078,0.22624,1.0339168,4.430769230769231,27.449513616976127
96787.0,Elyounoussi,Southampton,3.0,1013.0,32.0,1.0,1.22,0.5555555555555556,0.6777777777777778,3.388888888888889,0.0,0.3,0.967741935483871,0.2903225806451613,0.24964,2.5288532,1.1612903225806452,27.339032411469535
89076.0,Freuler,Nottingham Forest,3.0,1237.0,31.0,0.0,0.28,0.0,0.0,0.0,0.0,0.55,0.0,0.0,0.2005,2.480185,0.0,27.220185
148225.0,Martial,Man Utd,4.0,626.0,37.0,3.0,3.13,0.7874015748031497,2.4645669291338583,9.858267716535433,1.0,0.72,1.6129032258064515,1.1612903225806452,0.31516,0.0,4.645161290322581,27.023429006858013
120202.0,Weghorst,Man Utd,4.0,790.0,24.0,0.0,2.02,0.2898550724637681,0.5855072463768116,2.3420289855072465,1.0,1.16,1.8181818181818181,2.109090909090909,0.22156,0.0,8.436363636363636,26.578392621870883
430871.0,Cunha,Wolves,4.0,961.0,39.0,2.0,1.72,1.0526315789473684,1.8105263157894735,7.242105263157894,0.0,0.17,0.0,0.0,0.24262,0.0,0.0,26.462105263157895
156685.0,Rothwell,Bournemouth,3.0,975.0,30.0,0.0,0.16,0.0,0.0,0.0,1.0,1.46,0.7692307692307693,1.123076923076923,0.24964,2.43399,4.492307692307692,26.426297692307692
200439.0,Adams,Southampton,4.0,743.0,37.0,1.0,2.05,0.8936170212765957,1.8319148936170213,7.327659574468085,3.0,0.59,1.7741935483870968,1.0467741935483872,0.2473,0.0,4.187096774193549,26.374756348661634
110735.0,Webster,Brighton,2.0,813.0,42.0,0.0,0.49,0.6382978723404256,0.3127659574468085,1.876595744680851,0.0,0.18,0.0,0.0,0.33622,10.9338744,0.0,26.337001544680852
183656.0,Dasilva,Brentford,3.0,616.0,38.0,1.0,0.76,2.5,1.9,9.5,1.0,0.46,1.1764705882352942,0.5411764705882353,0.33622,2.0711152,2.164705882352941,26.055821082352942
200600.0,Podence,Wolves,3.0,591.0,40.0,3.0,1.39,1.3414634146341462,1.8646341463414633,9.323170731707316,0.0,0.89,0.7352941176470589,0.6544117647058824,0.27304,1.6136664,2.6176470588235294,25.374484190530847
536916.0,Buonanotte,Brighton,3.0,558.0,26.0,1.0,1.3,0.8333333333333334,1.0833333333333333,5.416666666666667,1.0,0.39,5.0,1.95,0.16072,0.8968176,7.8,25.273484266666667
224995.0,Sinisterra,Leeds,3.0,413.0,31.0,3.0,2.34,1.3888888888888888,3.25,16.25,0.0,0.43,0.0,0.0,0.16774,0.6927662,0.0,25.2027662
222694.0,Struijk,Leeds,2.0,854.0,14.0,0.0,0.39,0.9302325581395349,0.3627906976744186,2.1767441860465118,0.0,0.17,0.9090909090909091,0.15454545454545454,0.20284,6.9290144,0.6181818181818182,25.071686804228328
41328.0,Azpilicueta,Chelsea,2.0,813.0,14.0,0.0,0.22,1.1111111111111112,0.24444444444444444,1.4666666666666666,0.0,0.54,0.7407407407407407,0.4,0.23092,7.5095184,1.6,24.958805466666668
223911.0,Mepham,Bournemouth,2.0,946.0,19.0,0.0,0.67,0.0,0.0,0.0,0.0,0.09,0.0,0.0,0.20284,7.6754656,0.0,24.6765992
203341.0,Ndidi,Leicester,3.0,961.0,25.0,0.0,0.08,0.625,0.05,0.25,0.0,0.08,10.0,0.8,0.20284,1.9492924,3.2,24.6192924
108413.0,Hughes,Crystal Palace,3.0,730.0,31.0,1.0,0.2,3.3333333333333335,0.6666666666666666,3.3333333333333335,1.0,0.6,1.8181818181818181,1.0909090909090908,0.27538,2.010274,4.363636363636363,24.307243696969696
199796.0,Cash,Aston Villa,2.0,788.0,39.0,0.0,0.02,1.3333333333333333,0.026666666666666665,0.16,2.0,0.22,1.3043478260869565,0.28695652173913044,0.29644,9.3437888,1.1478260869565218,24.07566768695652
164511.0,Mina,Everton,2.0,450.0,21.0,1.0,1.43,1.2903225806451613,1.8451612903225807,11.070967741935483,0.0,0.15,0.0,0.0,0.24496,4.40928,0.0,23.377927741935483
91047.0,S.Armstrong,Southampton,3.0,641.0,30.0,1.0,1.2,1.0526315789473684,1.263157894736842,6.315789473684211,2.0,0.69,1.0909090909090908,0.7527272727272727,0.1771,1.135211,3.0109090909090908,23.281909564593303
159533.0,Adama,Wolves,3.0,787.0,37.0,1.0,0.75,0.78125,0.5859375,2.9296875,3.0,2.11,0.36585365853658536,0.7719512195121951,0.1888,1.485856,3.0878048780487806,23.24334837804878
465920.0,Mudryk,Chelsea,3.0,650.0,25.0,0.0,1.82,0.0,0.0,0.0,2.0,1.26,1.6666666666666667,2.1,0.25666,1.66829,8.4,23.06829
146941.0,Laporte,Man City,2.0,707.0,31.0,0.0,0.31,0.6349206349206349,0.19682539682539682,1.180952380952381,0.0,0.24,0.0,0.0,0.35962,10.1700536,0.0,22.94849258095238
94147.0,Coady,Everton,2.0,754.0,22.0,0.0,0.23,1.2765957446808511,0.2936170212765958,1.7617021276595746,0.0,0.07,2.5,0.175,0.23794,7.1762704,0.7,22.923904927659574
477064.0,Lewis,Man City,2.0,712.0,19.0,0.0,0.21,0.0,0.0,0.0,0.0,1.33,0.0,0.0,0.40174,11.4415552,0.0,22.8211664
510362.0,Toti,Wolves,2.0,690.0,34.0,1.0,0.35,2.5,0.875,5.25,0.0,0.22,0.0,0.0,0.16072,4.435872,0.0,22.376904
490721.0,Bueno,Wolves,2.0,726.0,24.0,0.0,0.01,0.0,0.0,0.0,0.0,0.54,1.1111111111111112,0.6,0.24496,7.1136384,2.4,22.2552288
88484.0,Sarabia,Wolves,3.0,764.0,27.0,1.0,2.99,0.3333333333333333,0.9966666666666667,4.983333333333333,0.0,0.89,0.0,0.0,0.24028,1.8357392,0.0,22.099072533333334
101188.0,Digne,Aston Villa,2.0,592.0,24.0,0.0,0.21,0.6666666666666666,0.14,0.84,0.0,1.03,1.1827956989247312,1.218279569892473,0.24496,5.8006528,4.873118279569892,21.903607879569893
513418.0,Schade,Brentford,3.0,723.0,29.0,0.0,2.07,0.0,0.0,0.0,1.0,0.67,1.6666666666666667,1.1166666666666667,0.40174,2.9045802,4.466666666666667,21.831246866666667
215136.0,N.Williams,Nottingham Forest,2.0,780.0,23.0,1.0,0.31,0.8333333333333334,0.25833333333333336,1.55,0.0,0.17,0.625,0.10625,0.1654,5.16048,0.425,21.44536
245419.0,Daka,Leicester,4.0,476.0,26.0,1.0,1.13,1.1842105263157896,1.3381578947368422,5.352631578947369,1.0,0.53,3.0434782608695654,1.6130434782608696,0.2356,0.0,6.452173913043478,21.324805491990848
124183.0,Ziyech,Chelsea,3.0,501.0,27.0,0.0,0.5,1.0526315789473684,0.5263157894736842,2.631578947368421,3.0,1.42,1.2162162162162162,1.727027027027027,0.32452,1.6258452,6.908108108108108,21.185532255476527
225295.0,Tetê,Leicester,3.0,732.0,27.0,1.0,1.73,0.5555555555555556,0.9611111111111111,4.805555555555555,0.0,0.26,0.0,0.0,0.22858,1.6732056,0.0,21.118761155555557
204968.0,Yates,Nottingham Forest,3.0,711.0,21.0,0.0,0.42,0.0,0.0,0.0,1.0,0.18,6.666666666666667,1.2,0.27304,1.9413144,4.8,20.9613144
225902.0,Soumaré,Leicester,3.0,795.0,17.0,0.0,0.0,0.0,0.0,0.0,0.0,0.28,3.3333333333333335,0.9333333333333333,0.16306,1.296327,3.7333333333333334,20.929660333333334
111931.0,Ricardo,Leicester,2.0,451.0,20.0,1.0,0.12,1.6666666666666667,0.2,1.2,1.0,0.7,2.6315789473684212,1.8421052631578947,0.21922,3.9547288,7.368421052631579,20.55446765263158
76357.0,Cairney,Fulham,3.0,593.0,32.0,2.0,0.86,1.4285714285714286,1.2285714285714286,6.142857142857143,0.0,0.65,0.47619047619047616,0.30952380952380953,0.18178,1.0779554,1.2380952380952381,20.31890778095238
195851.0,McTominay,Man Utd,3.0,514.0,22.0,1.0,1.25,1.1111111111111112,1.3888888888888888,6.944444444444445,0.0,0.51,0.7407407407407407,0.37777777777777777,0.2005,1.03057,1.511111111111111,19.766125555555554
212319.0,Richarlison,Spurs,4.0,561.0,33.0,1.0,1.8,0.7486631016042781,1.3475935828877006,5.390374331550802,2.0,0.37,2.1153846153846154,0.7826923076923077,0.29176,0.0,3.1307692307692307,19.741143562320033
154043.0,Maitland-Niles,Southampton,3.0,865.0,25.0,0.0,0.02,0.0,0.0,0.0,1.0,0.31,0.0,0.0,0.27538,2.382037,0.0,19.682037
184341.0,Mount,Chelsea,3.0,525.0,19.0,0.0,0.36,1.2244897959183674,0.4408163265306122,2.204081632653061,1.0,1.25,1.0493827160493827,1.3117283950617284,0.30814,1.617735,5.246913580246914,19.568730212899975
102057.0,Jiménez,Wolves,4.0,619.0,23.0,0.0,1.54,0.8823529411764706,1.3588235294117648,5.435294117647059,2.0,0.29,1.4705882352941175,0.4264705882352941,0.20752,0.0,1.7058823529411764,19.521176470588234
232826.0,Gordon,Newcastle,3.0,503.0,26.0,1.0,1.43,0.9195402298850575,1.3149425287356322,6.574712643678161,0.0,0.79,0.47619047619047616,0.3761904761904762,0.27304,1.3733912,1.5047619047619047,19.512865748440067
232928.0,Garner,Everton,3.0,659.0,20.0,0.0,0.65,0.0,0.0,0.0,1.0,0.49,2.5,1.225,0.19582,1.2904538,4.9,19.3704538
222690.0,Malacia,Man Utd,2.0,645.0,28.0,0.0,0.06,0.0,0.0,0.0,0.0,0.32,0.0,0.0,0.31984,8.251872,0.0,19.088904
86881.0,Mendy,Leicester,3.0,599.0,24.0,1.0,0.03,10.0,0.3,1.5,0.0,0.1,10.0,1.0,0.259,1.55141,4.0,19.03141
248857.0,Madueke,Chelsea,3.0,639.0,26.0,1.0,0.9,1.1111111111111112,1.0,5.0,0.0,0.72,0.0,0.0,0.1771,1.131669,0.0,18.911669
155569.0,Amartey,Leicester,2.0,515.0,8.0,0.0,1.03,0.7142857142857143,0.7357142857142858,4.414285714285715,0.0,0.04,0.0,0.0,0.24964,5.142584,0.0,18.571223714285715
55914.0,Cooper,Leeds,2.0,589.0,4.0,0.0,0.46,0.5882352941176471,0.27058823529411763,1.6235294117647059,0.0,0.24,1.1111111111111112,0.26666666666666666,0.2239,5.275084,1.0666666666666667,18.426509078431373
156074.0,Holding,Arsenal,2.0,547.0,16.0,1.0,0.32,1.1111111111111112,0.35555555555555557,2.1333333333333333,0.0,0.15,3.3333333333333335,0.5,0.19348,4.2333424,2.0,18.248340133333333
19624.0,Moutinho,Wolves,3.0,628.0,24.0,0.0,0.41,1.0344827586206897,0.4241379310344828,2.1206896551724137,1.0,0.62,0.6060606060606061,0.37575757575757573,0.28006,1.7587768,1.503030303030303,17.94249675820272
198826.0,Godfrey,Everton,2.0,680.0,14.0,0.0,0.7,0.0,0.0,0.0,1.0,0.08,5.0,0.4,0.13264,3.607808,1.6,17.905856
101338.0,Sabitzer,Man Utd,3.0,622.0,25.0,0.0,0.74,0.0,0.0,0.0,1.0,1.2,0.8333333333333334,1.0,0.2356,1.465432,4.0,17.905432
432830.0,Collins,Wolves,2.0,609.0,16.0,0.0,0.2,1.1764705882352942,0.23529411764705882,1.4117647058823528,0.0,0.03,0.0,0.0,0.22624,5.5112064,0.0,17.725169505882352
171287.0,Gomez,Liverpool,2.0,561.0,28.0,0.0,0.09,0.0,0.0,0.0,0.0,0.53,1.1111111111111112,0.5888888888888889,0.24496,5.4969024,2.3555555555555556,17.698232355555554
244731.0,Luis Díaz,Liverpool,3.0,378.0,23.0,1.0,0.74,1.3114754098360657,0.9704918032786886,4.852459016393443,0.0,0.47,2.0833333333333335,0.9791666666666666,0.35494,1.3416732,3.9166666666666665,17.670798883060108
231747.0,Mateta,Crystal Palace,4.0,458.0,26.0,1.0,2.2,0.8247422680412371,1.8144329896907216,7.257731958762887,0.0,0.12,2.5,0.3,0.23092,0.0,1.2,17.617731958762885
48760.0,Zanka,Brentford,2.0,462.0,25.0,0.0,0.86,1.0,0.86,5.16,1.0,0.05,0.0,0.0,0.23092,4.2674016,0.0,17.6005512
173271.0,Caleta-Car,Southampton,2.0,458.0,14.0,1.0,0.61,1.25,0.7625,4.575,0.0,0.04,0.0,0.0,0.26602,4.8734864,0.0,17.3901148
244619.0,Thomas,Leicester,2.0,616.0,20.0,0.0,0.09,2.0,0.18,1.08,1.0,0.29,0.5555555555555556,0.16111111111111112,0.1537,3.787168,0.6444444444444445,16.884820444444443
226956.0,Roerslev,Brentford,2.0,490.0,24.0,0.0,0.18,1.6666666666666667,0.3,1.8,0.0,0.36,0.5882352941176471,0.21176470588235294,0.27304,5.351584,0.8470588235294118,16.460746823529412
440089.0,Damsgaard,Brentford,3.0,711.0,24.0,0.0,1.89,0.0,0.0,0.0,0.0,0.87,0.0,0.0,0.28708,2.0411388,0.0,16.2611388
90585.0,Boly,Nottingham Forest,2.0,441.0,28.0,0.0,0.03,0.7692307692307693,0.023076923076923078,0.13846153846153847,1.0,0.25,3.3333333333333335,0.8333333333333334,0.29176,5.1466464,3.3333333333333335,16.151779671794873
450527.0,Salisu,Southampton,2.0,532.0,8.0,0.0,0.49,0.0,0.0,0.0,0.0,0.15,1.1111111111111112,0.16666666666666666,0.30112,6.4078336,0.6666666666666666,16.112541866666668
115382.0,Maupay,Everton,4.0,453.0,17.0,0.0,2.83,0.5829596412556054,1.6497757847533632,6.599103139013453,0.0,0.12,0.8888888888888888,0.10666666666666667,0.1888,0.0,0.4266666666666667,16.08576980568012
214285.0,Tsimikas,Liverpool,2.0,371.0,25.0,0.0,0.4,0.0,0.0,0.0,1.0,0.75,1.935483870967742,1.4516129032258065,0.20986,3.1143224,5.806451612903226,15.562193412903225
202993.0,Bentancur,Spurs,3.0,318.0,12.0,1.0,0.81,1.7857142857142858,1.4464285714285714,7.232142857142857,0.0,0.06,3.75,0.225,0.33388,1.0617384,0.9,15.553881257142857
200641.0,Nelson,Arsenal,3.0,138.0,22.0,1.0,0.46,2.3076923076923075,1.0615384615384615,5.3076923076923075,2.0,0.84,2.0,1.68,0.38536,0.5317968,6.72,15.319489107692307
18507.0,Diego Costa,Wolves,4.0,688.0,24.0,1.0,1.32,0.29411764705882354,0.38823529411764707,1.5529411764705883,0.0,0.33,0.0,0.0,0.24964,0.0,0.0,15.312941176470588
50232.0,Shelvey,Nottingham Forest,3.0,539.0,13.0,0.0,0.19,0.8333333333333334,0.15833333333333333,0.7916666666666666,0.0,0.66,0.9302325581395349,0.6139534883720931,0.18178,0.9797942,2.4558139534883723,15.007274820155038
447932.0,Zemura,Bournemouth,2.0,507.0,14.0,0.0,0.47,0.0,0.0,0.0,0.0,0.76,0.5263157894736842,0.4,0.20986,4.2559608,1.6,14.9319706
218031.0,Söyüncü,Leicester,2.0,457.0,14.0,1.0,0.42,1.3043478260869565,0.5478260869565217,3.2869565217391306,0.0,0.02,0.0,0.0,0.1771,3.237388,0.0,14.854997521739131
95658.0,Maguire,Man Utd,2.0,468.0,32.0,0.0,0.12,0.75,0.09,0.54,0.0,0.01,1.6666666666666667,0.016666666666666666,0.31282,5.8559904,0.06666666666666667,14.358659466666667
92217.0,Firmino,Liverpool,4.0,274.0,35.0,4.0,1.29,1.1682242990654206,1.5070093457943925,6.02803738317757,1.0,0.39,1.8072289156626506,0.7048192771084337,0.26134,0.0,2.819277108433735,14.327314491611306
106837.0,Praet,Leicester,3.0,358.0,20.0,1.0,0.83,1.25,1.0375,5.1875,0.0,0.32,0.9090909090909091,0.2909090909090909,0.21688,0.7764304,1.1636363636363636,14.287566763636363
126187.0,Loftus-Cheek,Chelsea,3.0,578.0,21.0,0.0,0.0,0.17857142857142858,0.0,0.0,1.0,0.52,0.6666666666666666,0.3466666666666667,0.23092,1.3347176,1.3866666666666667,14.281384266666667
230251.0,Dennis,Nottingham Forest,4.0,343.0,19.0,1.0,1.0,1.3186813186813187,1.3186813186813187,5.274725274725275,1.0,0.11,4.2105263157894735,0.4631578947368421,0.20518,0.0,1.8526315789473684,13.987356853672644
128340.0,Moore,Bournemouth,4.0,350.0,11.0,0.0,1.82,0.9302325581395349,1.6930232558139535,6.772093023255814,0.0,0.07,0.0,0.0,0.18646,0.0,0.0,13.772093023255813
116594.0,Kanté,Chelsea,3.0,343.0,13.0,0.0,0.22,0.9523809523809523,0.20952380952380953,1.0476190476190477,1.0,0.55,1.8421052631578947,1.013157894736842,0.39706,1.3619158,4.052631578947368,13.322166426566415
81880.0,Chamberlain,Liverpool,3.0,175.0,13.0,1.0,1.12,1.4814814814814814,1.6592592592592592,8.296296296296296,0.0,0.14,2.0,0.28,0.1888,0.3304,1.12,13.246696296296296
438098.0,Fábio Vieira,Arsenal,3.0,255.0,17.0,0.0,0.53,1.1111111111111112,0.5888888888888889,2.944444444444444,1.0,0.65,1.5384615384615385,1.0,0.3877,0.988635,4.0,13.033079444444445
535928.0,Bajcetic,Liverpool,3.0,487.0,14.0,0.0,0.21,1.4285714285714286,0.3,1.5,0.0,0.45,0.0,0.0,0.33622,1.6373914,0.0,12.8773914
487838.0,Hall,Chelsea,3.0,581.0,17.0,0.0,0.83,0.0,0.0,0.0,0.0,1.37,0.0,0.0,0.18178,1.0561418,0.0,12.6761418
437742.0,Sambi,Crystal Palace,3.0,533.0,15.0,0.0,0.17,0.0,0.0,0.0,0.0,0.11,0.0,0.0,0.376,2.00408,0.0,12.66408
61558.0,Thiago,Liverpool,3.0,451.0,12.0,0.0,0.27,0.5714285714285714,0.15428571428571428,0.7714285714285715,0.0,0.44,0.9090909090909091,0.4,0.24964,1.1258764,1.6,12.51730497142857
448514.0,Aït-Nouri,Wolves,2.0,354.0,11.0,0.0,0.18,2.142857142857143,0.38571428571428573,2.3142857142857145,0.0,0.04,1.3636363636363635,0.05454545454545454,0.2473,3.501768,0.21818181818181817,12.238793532467533
155511.0,A.Armstrong,Southampton,4.0,447.0,19.0,1.0,1.13,0.6153846153846154,0.6953846153846154,2.7815384615384615,0.0,0.07,1.7647058823529411,0.12352941176470589,0.21454,0.0,0.49411764705882355,12.215656108597285
192895.0,Tierney,Arsenal,2.0,327.0,16.0,0.0,0.12,1.8181818181818181,0.21818181818181817,1.309090909090909,1.0,0.17,1.5555555555555556,0.2644444444444444,0.31282,4.0916856,1.0577777777777777,11.975632886868686
247632.0,Neto,Wolves,3.0,362.0,19.0,0.0,0.43,0.7894736842105263,0.3394736842105263,1.6973684210526316,2.0,0.46,0.9333333333333333,0.42933333333333334,0.29644,1.0731128,1.7173333333333334,11.727814554385965
60689.0,Wood,Nottingham Forest,4.0,393.0,21.0,1.0,0.94,0.7881773399014779,0.7408866995073892,2.9635467980295567,0.0,0.09,1.6666666666666667,0.15,0.30112,0.0,0.6,11.423546798029557
248937.0,Greenwood,Leeds,4.0,136.0,11.0,0.0,0.08,0.9090909090909091,0.07272727272727272,0.2909090909090909,0.0,0.52,4.0,2.08,0.00394,0.0,8.32,11.33090909090909
222018.0,Johnson,West Ham,2.0,373.0,13.0,0.0,0.06,3.3333333333333335,0.2,1.2,0.0,0.14,0.0,0.0,0.22624,3.3755008,0.0,11.1916256
110504.0,Traoré,Aston Villa,3.0,226.0,20.0,2.0,0.75,1.2162162162162162,0.9121621621621622,4.5608108108108105,0.0,0.12,1.935483870967742,0.23225806451612901,0.45556,1.0295656,0.9290322580645161,11.039408668875327
49413.0,Tomkins,Crystal Palace,2.0,233.0,10.0,1.0,0.81,1.3333333333333333,1.08,6.4799999999999995,0.0,0.0,0.0,0.0,-0.01712,-0.1595584,0.0,11.0203312
15157.0,Milner,Liverpool,3.0,429.0,22.0,0.0,0.05,0.0,0.0,0.0,0.0,0.27,0.8333333333333334,0.225,0.28942,1.2416118,0.9,10.7216118
476888.0,Mara,Southampton,4.0,318.0,18.0,1.0,0.31,1.0,0.31,1.24,1.0,0.1,6.666666666666667,0.6666666666666666,0.24262,0.0,2.6666666666666665,10.266666666666667
176413.0,Pulisic,Chelsea,3.0,312.0,13.0,0.0,0.59,0.8461538461538461,0.49923076923076926,2.496153846153846,0.0,0.12,1.5625,0.1875,0.24028,0.7496736,0.75,10.235827446153847
243568.0,Gilmour,Brighton,3.0,398.0,15.0,0.0,0.5,0.0,0.0,0.0,1.0,0.47,0.6896551724137931,0.32413793103448274,0.21688,0.8631824,1.296551724137931,10.119734124137931
200617.0,James,Fulham,3.0,267.0,22.0,1.0,0.43,0.9,0.387,1.935,1.0,0.26,2.5,0.65,0.08584,0.2291928,2.6,10.1041928
151589.0,Dendoncker,Aston Villa,3.0,385.0,17.0,0.0,0.03,0.4838709677419355,0.014516129032258065,0.07258064516129033,0.0,0.1,2.857142857142857,0.2857142857142857,0.26602,1.024177,1.1428571428571428,9.939614788018433
463067.0,Rutter,Leeds,4.0,263.0,15.0,0.0,0.41,0.0,0.0,0.0,1.0,0.23,5.0,1.15,0.15604,0.0,4.6,9.86
437468.0,Sergio Gómez,Man City,2.0,234.0,14.0,0.0,0.23,0.0,0.0,0.0,0.0,0.86,1.0,0.86,0.24496,2.2928256,3.44,9.8396192
173904.0,Sánchez,Spurs,2.0,298.0,8.0,0.0,0.32,0.5882352941176471,0.18823529411764706,1.1294117647058823,0.0,0.01,0.0,0.0,0.2941,3.505672,0.0,9.718665764705882
428580.0,Onyeka,Brentford,3.0,402.0,20.0,0.0,0.66,0.0,0.0,0.0,2.0,0.11,1.8181818181818181,0.2,0.21688,0.8718576,0.8,9.7118576
155408.0,Cook,Bournemouth,3.0,351.0,11.0,0.0,0.04,0.0,0.0,0.0,0.0,0.53,0.9090909090909091,0.4818181818181818,0.21454,0.7530354,1.9272727272727272,9.700308127272727
87835.0,Doherty,Spurs,2.0,226.0,16.0,1.0,0.34,0.8333333333333334,0.2833333333333333,1.7,0.0,0.09,3.0,0.27,0.33622,3.0394288,1.08,9.5795716
54694.0,Aubameyang,Chelsea,4.0,235.0,9.0,0.0,1.27,0.9219858156028369,1.1709219858156028,4.683687943262411,0.0,0.04,1.1428571428571428,0.045714285714285714,0.27538,0.0,0.18285714285714286,9.566545086119554
51938.0,Albrighton,Leicester,3.0,204.0,10.0,1.0,0.33,1.4285714285714286,0.4714285714285714,2.357142857142857,0.0,0.41,1.4285714285714286,0.5857142857142857,0.24262,0.4949448,2.342857142857143,9.2749448
215379.0,Anderson,Newcastle,3.0,298.0,22.0,0.0,0.66,0.0,0.0,0.0,1.0,0.84,0.7142857142857143,0.6,0.28942,0.8624716,2.4,9.2224716
101184.0,Chambers,Aston Villa,2.0,245.0,9.0,0.0,0.14,1.4285714285714286,0.2,1.2,0.0,0.19,1.5384615384615385,0.2923076923076923,0.25198,2.469404,1.1692307692307693,9.12128376923077
243571.0,Patterson,Everton,2.0,350.0,7.0,0.0,0.0,0.0,0.0,0.0,0.0,0.19,0.0,0.0,0.19114,2.67596,0.0,9.00697
424044.0,H.Traorè,Bournemouth,3.0,425.0,14.0,0.0,1.04,0.0,0.0,0.0,0.0,1.15,0.0,0.0,0.1186,0.50405,0.0,9.00405
194164.0,Holgate,Everton,2.0,187.0,4.0,0.0,0.7,0.9090909090909091,0.6363636363636364,3.8181818181818183,0.0,0.05,1.1111111111111112,0.05555555555555555,0.21454,1.6047592,0.2222222222222222,8.983973440404041
84583.0,Coutinho,Aston Villa,3.0,207.0,13.0,1.0,0.37,1.2,0.444,2.22,0.0,0.32,1.3043478260869565,0.41739130434782606,0.39004,0.8073828,1.6695652173913043,8.836948017391304
175592.0,Keita,Liverpool,3.0,239.0,8.0,0.0,0.62,0.9090909090909091,0.5636363636363636,2.8181818181818183,0.0,0.18,0.35714285714285715,0.06428571428571428,0.31516,0.7532324,0.2571428571428571,8.608557075324676
80179.0,Forshaw,Leeds,3.0,317.0,10.0,0.0,0.03,0.0,0.0,0.0,0.0,0.44,1.1111111111111112,0.4888888888888889,0.07882,0.2498594,1.9555555555555555,8.545414955555556
240143.0,Diallo,Southampton,3.0,320.0,7.0,0.0,0.07,0.0,0.0,0.0,0.0,0.07,4.0,0.28,0.2356,0.75392,1.12,8.27392
168281.0,McKenna,Nottingham Forest,2.0,310.0,16.0,0.0,0.0,0.0,0.0,0.0,0.0,0.15,0.0,0.0,0.22156,2.747344,0.0,8.260508
114241.0,Toffolo,Nottingham Forest,2.0,329.0,12.0,0.0,0.11,0.0,0.0,0.0,0.0,0.02,0.0,0.0,0.1654,2.176664,0.0,8.212498
218997.0,Simms,Everton,4.0,219.0,17.0,1.0,0.86,1.1111111111111112,0.9555555555555555,3.822222222222222,0.0,0.15,0.0,0.0,-0.00542,0.0,0.0,8.202222222222222
114128.0,Jonny,Wolves,2.0,253.0,13.0,1.0,0.05,2.3076923076923075,0.11538461538461539,0.6923076923076923,0.0,0.35,0.0,0.0,0.30346,3.0710152,0.0,8.055569092307692
191866.0,Ajer,Brentford,2.0,261.0,14.0,0.0,0.0,1.4285714285714286,0.0,0.0,0.0,0.08,1.5789473684210527,0.12631578947368421,0.29644,3.0948336,0.5052631578947369,8.046388357894736
227127.0,Bissouma,Spurs,3.0,310.0,9.0,0.0,0.02,0.9523809523809523,0.01904761904761905,0.09523809523809523,0.0,0.17,1.1111111111111112,0.18888888888888888,0.3175,0.98425,0.7555555555555555,8.03504365079365
149519.0,Cornet,West Ham,3.0,147.0,9.0,0.0,0.73,1.25,0.9125,4.5625,0.0,0.11,0.5555555555555556,0.06111111111111111,0.1771,0.260337,0.24444444444444444,8.007281444444445
155405.0,Phillips,Man City,3.0,290.0,13.0,0.0,0.28,0.7692307692307693,0.2153846153846154,1.0769230769230769,0.0,0.11,0.9090909090909091,0.1,0.24496,0.710384,0.4,7.987307076923077
61810.0,Jansson,Brentford,2.0,208.0,12.0,1.0,0.32,1.25,0.4,2.4,0.0,0.0,2.5,0.0,0.21688,1.8044416,0.0,7.9133312
173807.0,Davies,Everton,3.0,218.0,10.0,0.0,0.78,0.5,0.39,1.95,0.0,0.2,1.1111111111111112,0.2222222222222222,0.12562,0.2738516,0.8888888888888888,7.472740488888889
37642.0,Evans,Leicester,2.0,241.0,9.0,0.0,0.0,1.2,0.0,0.0,0.0,0.07,3.75,0.2625,0.21454,2.0681656,1.05,7.4211242
244851.0,Palmer,Man City,3.0,257.0,12.0,0.0,0.29,0.0,0.0,0.0,1.0,0.24,1.6666666666666667,0.4,0.19114,0.4912298,1.6,7.2312298
58822.0,Cédric,Fulham,2.0,195.0,8.0,0.0,0.06,1.4285714285714286,0.08571428571428572,0.5142857142857143,0.0,0.18,1.0526315789473684,0.18947368421052632,0.34324,2.677272,0.7578947368421053,7.180134451127819
95715.0,Lucas Moura,Spurs,3.0,52.0,9.0,1.0,0.46,1.1764705882352942,0.5411764705882353,2.7058823529411766,0.0,0.35,2.2727272727272725,0.7954545454545454,0.22156,0.1152112,3.1818181818181817,7.042911734759358
223723.0,Tomiyasu,Arsenal,2.0,217.0,11.0,0.0,0.16,0.0,0.0,0.0,1.0,0.09,1.6666666666666667,0.15,0.32218,2.7965224,0.6,7.0373918
86934.0,Lanzini,West Ham,3.0,122.0,12.0,1.0,0.48,1.4285714285714286,0.6857142857142857,3.428571428571429,0.0,0.21,1.2121212121212122,0.2545454545454545,0.09286,0.1132892,1.018181818181818,7.0000424467532465
184349.0,R.Sessegnon,Spurs,2.0,147.0,4.0,0.0,0.27,1.0,0.27,1.62,0.0,0.37,0.6060606060606061,0.22424242424242424,0.33622,1.9769736,0.896969696969697,6.939699896969697
232792.0,Lamptey,Brighton,2.0,163.0,12.0,0.0,0.17,0.6666666666666666,0.11333333333333333,0.68,0.0,0.39,0.75,0.2925,0.30346,1.9785592,1.17,6.5939194
209289.0,Smith Rowe,Arsenal,3.0,114.0,14.0,0.0,0.16,1.5,0.24,1.2,2.0,0.36,1.6666666666666667,0.6,0.25666,0.2925924,2.4,6.1725924
441192.0,Sarmiento,Brighton,3.0,110.0,13.0,0.0,0.18,0.0,0.0,0.0,2.0,0.17,5.0,0.85,0.26368,0.290048,3.4,5.890048
436234.0,Bryan,Spurs,3.0,140.0,8.0,0.0,0.1,0.0,0.0,0.0,1.0,0.06,10.0,0.6,0.4813,0.67382,2.4,5.87382
169359.0,Targett,Newcastle,2.0,180.0,12.0,0.0,0.0,0.9090909090909091,0.0,0.0,0.0,0.12,0.5,0.06,0.37132,2.673504,0.24,5.845128
490503.0,Edozie,Southampton,3.0,245.0,11.0,0.0,0.2,0.0,0.0,0.0,0.0,0.14,0.0,0.0,0.33388,0.818006,0.0,5.718006
66975.0,Milivojevic,Crystal Palace,3.0,222.0,10.0,0.0,0.1,0.0,0.0,0.0,0.0,0.04,0.45454545454545453,0.01818181818181818,0.2824,0.626928,0.07272727272727272,5.139655272727273
432160.0,Baptiste,Brentford,3.0,177.0,11.0,0.0,0.12,0.9090909090909091,0.10909090909090909,0.5454545454545454,1.0,0.08,1.1111111111111112,0.08888888888888889,0.34558,0.6116766,0.35555555555555557,5.052686701010101
121145.0,Cancelo,Man City,2.0,135.0,2.0,0.0,0.04,0.8620689655172413,0.034482758620689655,0.20689655172413793,0.0,0.1,0.8088235294117647,0.08088235294117647,0.39004,2.106216,0.3235294117647059,4.810087963488844
193204.0,Aribo,Southampton,3.0,167.0,6.0,0.0,0.11,1.3333333333333333,0.14666666666666667,0.7333333333333333,0.0,0.02,0.0,0.0,0.31516,0.5263172,0.0,4.5996505333333335
431131.0,Djenepo,Southampton,3.0,135.0,8.0,0.0,0.04,0.38461538461538464,0.015384615384615385,0.07692307692307693,1.0,0.18,1.6666666666666667,0.3,0.27304,0.368604,1.2,4.345527076923077
168580.0,Pérez,Leicester,3.0,90.0,2.0,0.0,0.61,0.6666666666666666,0.4066666666666667,2.033333333333333,0.0,0.03,1.6666666666666667,0.05,0.30346,0.273114,0.2,4.306447333333334
55037.0,Kouyaté,Nottingham Forest,3.0,170.0,8.0,0.0,0.03,1.25,0.0375,0.1875,0.0,0.01,0.8333333333333334,0.008333333333333333,0.19816,0.336872,0.03333333333333333,3.957705333333333
111317.0,Brooks,Bournemouth,3.0,170.0,5.0,0.0,0.33,0.0,0.0,0.0,0.0,0.2,0.0,0.0,0.06478,0.110126,0.0,3.510126
101148.0,Lascelles,Newcastle,2.0,109.0,1.0,0.0,0.04,1.3636363636363635,0.05454545454545454,0.32727272727272727,0.0,0.01,0.0,0.0,0.18178,0.7925608,0.0,3.101693327272727
39155.0,Lallana,Brighton,3.0,106.0,5.0,0.0,0.05,0.7894736842105263,0.039473684210526314,0.19736842105263158,0.0,0.09,0.6521739130434783,0.058695652173913045,0.29878,0.3167068,0.23478260869565218,2.8688578297482836
195899.0,Scamacca,West Ham,4.0,81.0,9.0,1.0,0.15,1.2,0.18,0.72,0.0,0.07,0.0,0.0,0.35026,0.0,0.0,2.34
81012.0,Fredericks,Bournemouth,2.0,78.0,3.0,0.0,0.0,5.0,0.0,0.0,0.0,0.0,1.25,0.0,0.20518,0.6401616,0.0,2.0401212
92259.0,Kebano,Fulham,3.0,47.0,5.0,0.0,0.0,0.0,0.0,0.0,0.0,0.06,3.3333333333333335,0.2,0.26602,0.1250294,0.8,1.8650294
449434.0,Elanga,Man Utd,3.0,48.0,4.0,0.0,0.14,0.7894736842105263,0.11052631578947368,0.5526315789473685,0.0,0.02,1.3636363636363635,0.02727272727272727,0.36898,0.1771104,0.10909090909090909,1.7988328880382776
199584.0,Tanganga,Spurs,2.0,79.0,3.0,0.0,0.0,0.0,0.0,0.0,0.0,0.01,0.0,0.0,0.07414,0.2342824,0.0,1.7557118
109322.0,Lingard,Nottingham Forest,3.0,60.0,3.0,0.0,0.0,2.2727272727272725,0.0,0.0,0.0,0.02,2.857142857142857,0.05714285714285714,0.25432,0.152592,0.22857142857142856,1.5811634285714287
205836.0,Ghoddos,Brentford,3.0,45.0,7.0,0.0,0.0,2.0,0.0,0.0,0.0,0.19,0.8333333333333334,0.15833333333333333,-0.07094,-0.031923,0.6333333333333333,1.5014103333333333
520295.0,D.D.Fofana,Chelsea,4.0,68.0,3.0,0.0,0.57,0.0,0.0,0.0,0.0,0.04,0.0,0.0,0.07648,0.0,0.0,1.36
50471.0,McArthur,Crystal Palace,3.0,50.0,4.0,0.0,0.0,0.0,0.0,0.0,0.0,0.0,3.5714285714285716,0.0,0.43684,0.21842,0.0,1.21842
180184.0,Van de Beek,Man Utd,3.0,45.0,1.0,0.0,0.0,1.6666666666666667,0.0,0.0,0.0,0.02,1.0,0.02,0.40408,0.181836,0.08,1.161836
173954.0,Riedewald,Crystal Palace,3.0,14.0,2.0,0.0,0.04,4.0,0.16,0.8,0.0,0.0,0.0,0.0,0.2824,0.039536,0.0,1.119536
249231.0,Lewis-Potter,Brentford,3.0,31.0,3.0,0.0,0.0,0.0,0.0,0.0,0.0,0.02,3.3333333333333335,0.06666666666666667,0.33154,0.1027774,0.26666666666666666,0.9894440666666666
56983.0,Ritchie,Newcastle,2.0,32.0,5.0,0.0,0.0,0.0,0.0,0.0,0.0,0.05,0.8695652173913043,0.043478260869565216,0.06946,0.0889088,0.17391304347826086,0.8805946434782609
244085.0,Dembélé,Bournemouth,3.0,40.0,3.0,0.0,0.12,0.0,0.0,0.0,0.0,0.01,0.0,0.0,0.14902,0.059608,0.0,0.859608
165659.0,Diego Carlos,Aston Villa,2.0,25.0,1.0,0.0,0.0,0.0,0.0,0.0,0.0,0.09,0.0,0.0,0.41344,0.41344,0.0,0.81008
72222.0,Klich,Leeds,3.0,27.0,1.0,0.0,0.03,0.6818181818181818,0.020454545454545454,0.10227272727272728,0.0,0.01,1.4,0.014,0.21454,0.0579258,0.056,0.7561985272727273
109528.0,Manquillo,Newcastle,2.0,24.0,3.0,0.0,0.0,3.3333333333333335,0.0,0.0,0.0,0.01,5.0,0.05,0.00862,0.0082752,0.2,0.6862064
61933.0,Duffy,Fulham,2.0,13.0,0.0,0.0,0.16,0.8333333333333334,0.13333333333333333,0.8,0.0,0.0,0.0,0.0,-1.32284,-0.6878768,0.0,0.5440924
243345.0,O'Brien,Nottingham Forest,3.0,20.0,1.0,0.0,0.0,2.5,0.0,0.0,0.0,0.0,0.0,0.0,0.0952,0.01904,0.0,0.41904
462635.0,Gelhardt,Leeds,4.0,14.0,5.0,0.0,0.0,0.5405405405405406,0.0,0.0,1.0,0.0,2.5,0.0,0.3175,0.0,0.0,0.28
244858.0,Carvalho,Liverpool,3.0,8.0,2.0,0.0,0.0,1.3636363636363635,0.0,0.0,0.0,0.0,0.0,0.0,0.29878,0.0239024,0.0,0.1839024
441191.0,Livramento,Southampton,2.0,26.0,2.0,0.0,0.0,0.7692307692307693,0.0,0.0,0.0,0.0,0.43478260869565216,0.0,-0.53192,-0.5531968,0.0,0.1051024
174932.0,Canós,Brentford,2.0,2.0,1.0,0.0,0.0,1.0,0.0,0.0,0.0,0.0,0.9523809523809523,0.0,0.09286,0.0074288,0.0,0.0455716
228044.0,Bech,Brentford,2.0,1.0,1.0,0.0,0.0,0.0,0.0,0.0,0.0,0.0,0.0,0.0,0.2824,0.011296,0.0,0.028472
87873.0,Dallas,Leeds,2.0,0.0,0.0,0.0,0.0,1.5789473684210527,0.0,0.0,0.0,0.0,0.7317073170731707,0.0,0.61,0.0,0.0,0.0
199598.0,Ampadu,Chelsea,2.0,0.0,0.0,0.0,0.0,0.0,0.0,0.0,0.0,0.0,0.0,0.0,0.61,0.0,0.0,0.0
88894.0,Barkley,Chelsea,3.0,0.0,0.0,0.0,0.0,0.975609756097561,0.0,0.0,0.0,0.0,0.35714285714285715,0.0,0.61,0.0,0.0,0.0
440323.0,Broja,Chelsea,4.0,0.0,0.0,0.0,0.0,1.0447761194029852,0.0,0.0,0.0,0.0,0.0,0.0,0.27772,0.0,0.0,0.0
60252.0,Townsend,Everton,3.0,0.0,0.0,0.0,0.0,0.75,0.0,0.0,0.0,0.0,1.206896551724138,0.0,0.61,0.0,0.0,0.0
120250.0,André Gomes,Everton,3.0,0.0,0.0,0.0,0.0,0.0,0.0,0.0,0.0,0.0,2.857142857142857,0.0,0.61,0.0,0.0,0.0
152590.0,Telles,Man Utd,2.0,0.0,0.0,0.0,0.0,0.0,0.0,0.0,0.0,0.0,1.8181818181818181,0.0,0.61,0.0,0.0,0.0
58845.0,Clark,Newcastle,2.0,0.0,0.0,0.0,0.0,0.5555555555555556,0.0,0.0,0.0,0.0,2.0,0.0,0.61,0.0,0.0,0.0
119765.0,Allan,Everton,3.0,0.0,0.0,0.0,0.0,0.0,0.0,0.0,0.0,0.0,1.5384615384615385,0.0,0.61,0.0,0.0,0.0
153256.0,Elneny,Arsenal,3.0,0.0,0.0,0.0,0.0,5.0,0.0,0.0,0.0,0.0,5.0,0.0,0.3643,0.0,0.0,0.0
90105.0,Fraser,Newcastle,3.0,0.0,0.0,0.0,0.0,0.5263157894736842,0.0,0.0,0.0,0.0,1.3157894736842104,0.0,0.38068,0.0,0.0,0.0
203389.0,Tella,Southampton,3.0,0.0,0.0,0.0,0.0,0.45454545454545453,0.0,0.0,0.0,0.0,2.5,0.0,0.61,0.0,0.0,0.0
57145.0,Fernández,Newcastle,2.0,0.0,0.0,0.0,0.0,0.0,0.0,0.0,0.0,0.0,0.0,0.0,0.61,0.0,0.0,0.0
57134.0,Rondón,Everton,4.0,0.0,0.0,0.0,0.0,0.4,0.0,0.0,0.0,0.0,1.6666666666666667,0.0,0.0367,0.0,0.0,0.0
221610.0,Shackleton,Leeds,3.0,0.0,0.0,0.0,0.0,0.0,0.0,0.0,0.0,0.0,0.0,0.0,0.61,0.0,0.0,0.0
194252.0,Bergwijn,Spurs,3.0,0.0,0.0,0.0,0.0,0.8888888888888888,0.0,0.0,0.0,0.0,2.1052631578947367,0.0,0.61,0.0,0.0,0.0
149915.0,Llorente,Leeds,2.0,0.0,0.0,0.0,0.0,1.6,0.0,0.0,0.0,0.0,0.0,0.0,0.25198,0.0,0.0,0.0
193488.0,El Ghazi,Aston Villa,3.0,0.0,0.0,0.0,0.0,1.0909090909090908,0.0,0.0,0.0,0.0,0.4,0.0,0.61,0.0,0.0,0.0
56917.0,Cook,Nottingham Forest,2.0,0.0,0.0,0.0,0.0,0.0,0.0,0.0,0.0,0.0,0.0,0.0,0.27538,0.0,0.0,0.0
449988.0,Fabio Silva,Wolves,4.0,0.0,0.0,0.0,0.0,0.5,0.0,0.0,0.0,0.0,3.0,0.0,0.61,0.0,0.0,0.0
221239.0,Davis,Aston Villa,4.0,0.0,0.0,0.0,0.0,0.7142857142857143,0.0,0.0,0.0,0.0,3.3333333333333335,0.0,0.61,0.0,0.0,0.0
220627.0,Justin,Leicester,2.0,0.0,0.0,0.0,0.0,0.7692307692307693,0.0,0.0,0.0,0.0,0.5,0.0,0.25198,0.0,0.0,0.0
92371.0,Pablo Marí,Arsenal,2.0,0.0,0.0,0.0,0.0,0.0,0.0,0.0,0.0,0.0,0.0,0.0,0.61,0.0,0.0,0.0
423649.0,Mwepu,Brighton,3.0,0.0,0.0,0.0,0.0,0.8333333333333334,0.0,0.0,0.0,0.0,5.555555555555555,0.0,0.33154,0.0,0.0,0.0
54861.0,Benteke,Crystal Palace,4.0,0.0,0.0,0.0,0.0,1.0606060606060606,0.0,0.0,0.0,0.0,1.0526315789473684,0.0,0.61,0.0,0.0,0.0
93100.0,Vestergaard,Leicester,2.0,0.0,0.0,0.0,0.0,2.0,0.0,0.0,0.0,0.0,0.0,0.0,0.61,0.0,0.0,0.0
219961.0,Raphinha,Leeds,3.0,0.0,0.0,0.0,0.0,1.015625,0.0,0.0,0.0,0.0,0.9302325581395349,0.0,0.61,0.0,0.0,0.0
219937.0,R.Williams,Liverpool,2.0,0.0,0.0,0.0,0.0,0.0,0.0,0.0,0.0,0.0,0.0,0.0,0.61,0.0,0.0,0.0
232937.0,B.Williams,Man Utd,2.0,0.0,0.0,0.0,0.0,0.0,0.0,0.0,0.0,0.0,0.8333333333333334,0.0,0.61,0.0,0.0,0.0
181284.0,Guedes,Wolves,3.0,0.0,0.0,0.0,0.0,0.7692307692307693,0.0,0.0,0.0,0.0,2.0,0.0,0.25198,0.0,0.0,0.0
101105.0,Bryan,Fulham,2.0,0.0,0.0,0.0,0.0,2.0,0.0,0.0,0.0,0.0,0.0,0.0,0.61,0.0,0.0,0.0
111773.0,Krafth,Newcastle,2.0,0.0,0.0,0.0,0.0,1.4285714285714286,0.0,0.0,0.0,0.0,1.25,0.0,-1.496,0.0,0.0,0.0
83314.0,Hendrick,Newcastle,3.0,0.0,0.0,0.0,0.0,2.3076923076923075,0.0,0.0,0.0,0.0,2.0,0.0,0.61,0.0,0.0,0.0
243505.0,Moder,Brighton,3.0,0.0,0.0,0.0,0.0,0.0,0.0,0.0,0.0,0.0,1.3636363636363635,0.0,0.61,0.0,0.0,0.0
173821.0,Roberts,Leeds,3.0,0.0,0.0,0.0,0.0,0.4878048780487805,0.0,0.0,0.0,0.0,2.3076923076923075,0.0,0.61,0.0,0.0,0.0
235382.0,Alzate,Brighton,3.0,0.0,0.0,0.0,0.0,1.0,0.0,0.0,0.0,0.0,0.0,0.0,0.61,0.0,0.0,0.0
157668.0,Winks,Spurs,3.0,0.0,0.0,0.0,0.0,0.0,0.0,0.0,0.0,0.0,0.47619047619047616,0.0,0.61,0.0,0.0,0.0
83283.0,Redmond,Southampton,3.0,0.0,0.0,0.0,0.0,0.6818181818181818,0.0,0.0,0.0,0.0,1.777777777777778,0.0,0.1888,0.0,0.0,0.0
108823.0,Dele,Everton,3.0,0.0,0.0,0.0,0.0,0.0,0.0,0.0,0.0,0.0,0.625,0.0,-0.32132,0.0,0.0,0.0
165153.0,Werner,Chelsea,4.0,0.0,0.0,0.0,0.0,0.5617977528089888,0.0,0.0,0.0,0.0,2.6470588235294117,0.0,0.61,0.0,0.0,0.0
40146.0,Bertrand,Leicester,2.0,0.0,0.0,0.0,0.0,0.0,0.0,0.0,0.0,0.0,0.43478260869565216,0.0,0.61,0.0,0.0,0.0
82263.0,Alonso,Chelsea,2.0,0.0,0.0,0.0,0.0,1.25,0.0,0.0,0.0,0.0,0.9302325581395349,0.0,0.61,0.0,0.0,0.0
78056.0,Romeu,Southampton,3.0,0.0,0.0,0.0,0.0,1.875,0.0,0.0,0.0,0.0,0.9090909090909091,0.0,0.19816,0.0,0.0,0.0
213687.0,Goode,Brentford,2.0,0.0,0.0,0.0,0.0,0.0,0.0,0.0,0.0,0.0,0.0,0.0,0.61,0.0,0.0,0.0
209046.0,Hudson-Odoi,Chelsea,3.0,0.0,0.0,0.0,0.0,0.75,0.0,0.0,0.0,0.0,1.0638297872340425,0.0,0.61,0.0,0.0,0.0
510363.0,Chiquinho,Wolves,3.0,0.0,0.0,0.0,0.0,0.0,0.0,0.0,0.0,0.0,5.0,0.0,0.61,0.0,0.0,0.0
166324.0,Cavaleiro,Fulham,3.0,0.0,0.0,0.0,0.0,0.425531914893617,0.0,0.0,0.0,0.0,0.0,0.0,0.61,0.0,0.0,0.0
168765.0,Onomah,Fulham,3.0,0.0,0.0,0.0,0.0,0.0,0.0,0.0,0.0,0.0,0.0,0.0,-0.30728,0.0,0.0,0.0
14937.0,Ronaldo,Man Utd,4.0,0.0,0.0,0.0,0.0,0.9411764705882353,0.0,0.0,0.0,0.0,1.6666666666666667,0.0,0.36898,0.0,0.0,0.0
104547.0,Gayle,Newcastle,4.0,0.0,0.0,0.0,0.0,0.2857142857142857,0.0,0.0,0.0,0.0,3.3333333333333335,0.0,0.61,0.0,0.0,0.0
105717.0,Masuaku,West Ham,2.0,0.0,0.0,0.0,0.0,2.5,0.0,0.0,0.0,0.0,1.3043478260869565,0.0,0.61,0.0,0.0,0.0
106618.0,Dummett,Newcastle,2.0,0.0,0.0,0.0,0.0,3.3333333333333335,0.0,0.0,0.0,0.0,0.0,0.0,0.61,0.0,0.0,0.0
180151.0,Vlasic,West Ham,3.0,0.0,0.0,0.0,0.0,0.8333333333333334,0.0,0.0,0.0,0.0,0.0,0.0,0.61,0.0,0.0,0.0
195735.0,Pépé,Arsenal,3.0,0.0,0.0,0.0,0.0,1.2820512820512822,0.0,0.0,0.0,0.0,1.25,0.0,0.61,0.0,0.0,0.0
197464.0,Phillips,Liverpool,2.0,0.0,0.0,0.0,0.0,1.1111111111111112,0.0,0.0,0.0,0.0,5.0,0.0,0.45556,0.0,0.0,0.0
437626.0,Tavares,Arsenal,2.0,0.0,0.0,0.0,0.0,0.5882352941176471,0.0,0.0,0.0,0.0,0.9090909090909091,0.0,0.61,0.0,0.0,0.0
199249.0,Reguilón,Spurs,2.0,0.0,0.0,0.0,0.0,0.4878048780487805,0.0,0.0,0.0,0.0,1.0909090909090908,0.0,0.61,0.0,0.0,0.0
194799.0,Lewis,Newcastle,2.0,2.0,1.0,0.0,0.0,0.0,0.0,0.0,0.0,0.0,1.1111111111111112,0.0,-1.847,-0.14776,0.0,-0.07082
